{
    "type": "FeatureCollection",
    "features": [
        {
            "type": "Feature",
            "id": 19310,
            "properties": {
                "OBJECTID": 19310,
                "PA_ID": "MT01715",
                "ID_SIGN": "Yes",
                "PARKING": "Lot",
                "STREET": "Concord Ave",
                "CROSS_ST": "Bay Ave",
                "BADGE": "No",
                "SWIMMING": "No",
                "FISHING": "Yes",
                "SURFING": "NA",
                "PLAYGRD": "No",
                "PARK": "No",
                "PIER": "No",
                "BOATLNCH": "Yes",
                "MARINA": "Yes",
                "FOOD_DRINK": "No",
                "RESTRM": "Yes",
                "H_C": "Yes",
                "SHORELINE": "Bay",
                "ACCESS_TYP": "Beach, Fishing, Boat",
                "SOURCE_DATE": 1455012000000,
                "COUNTY_LAB": "Monmouth County",
                "MUN_LABEL": "Middletown Township",
                "COMMENTS": "Leonardo State Marina; kayak launch",
                "REVIEW_TYPE": "Public",
                "GLOBALID": "{738D92DF-B35F-4BB5-9930-13E928135FE3}"
            },
            "geometry": {
                "type": "Point",
                "coordinates": [
                    -74.061411,
                    40.422413
                ]
            }
        },
        {
            "type": "Feature",
            "id": 18592,
            "properties": {
                "OBJECTID": 18592,
                "PA_ID": "RBB01015",
                "ID_SIGN": "Yes",
                "PARKING": "Lot",
                "STREET": "Union St",
                "CROSS_ST": " Wharf Ave",
                "BADGE": "No",
                "SWIMMING": "No",
                "FISHING": "Yes",
                "SURFING": "NA",
                "PLAYGRD": "Yes",
                "PARK": "Yes",
                "PIER": "Yes",
                "BOATLNCH": "No",
                "MARINA": "Yes",
                "FOOD_DRINK": "Yes",
                "RESTRM": "No",
                "H_C": "Yes",
                "SHORELINE": "River",
                "ACCESS_TYP": "Visual, Fishing",
                "SOURCE_DATE": 1455235196000,
                "COUNTY_LAB": "Monmouth County",
                "MUN_LABEL": "Red Bank Borough",
                "COMMENTS": "Marine Park, benches, trash cans",
                "REVIEW_TYPE": "Public",
                "GLOBALID": "{AA17C484-238B-44D8-9853-6AEF599CF8D5}"
            },
            "geometry": {
                "type": "Point",
                "coordinates": [
                    -74.065891,
                    40.353704
                ]
            }
        },
        {
            "type": "Feature",
            "id": 18593,
            "properties": {
                "OBJECTID": 18593,
                "PA_ID": "RBB01115",
                "ID_SIGN": "Yes",
                "PARKING": "Lot",
                "STREET": "Wharf Ave",
                "CROSS_ST": " Union St",
                "BADGE": "No",
                "SWIMMING": "No",
                "FISHING": "Yes",
                "SURFING": "NA",
                "PLAYGRD": "Yes",
                "PARK": "Yes",
                "PIER": "Yes",
                "BOATLNCH": "No",
                "MARINA": "Yes",
                "FOOD_DRINK": "No",
                "RESTRM": "No",
                "H_C": "Yes",
                "SHORELINE": "River",
                "ACCESS_TYP": "Visual, Fishing",
                "SOURCE_DATE": 1455234411000,
                "COUNTY_LAB": "Monmouth County",
                "MUN_LABEL": "Red Bank Borough",
                "COMMENTS": "benches, trash cans, fishing line recycling bins, bicycle rack, boat cleaning stations",
                "REVIEW_TYPE": "Public",
                "GLOBALID": "{24C2D3CA-BE24-4EEC-8D20-597CA9537D6E}"
            },
            "geometry": {
                "type": "Point",
                "coordinates": [
                    -74.064914,
                    40.35405
                ]
            }
        },
        {
            "type": "Feature",
            "id": 18623,
            "properties": {
                "OBJECTID": 18623,
                "PA_ID": "FHB00315",
                "ID_SIGN": "Yes",
                "PARKING": "Street",
                "STREET": "Battin Rd",
                "CROSS_ST": " Holly Lane",
                "BADGE": "No",
                "SWIMMING": "No",
                "FISHING": "Yes",
                "SURFING": "NA",
                "PLAYGRD": "No",
                "PARK": "No",
                "PIER": "No",
                "BOATLNCH": "Yes",
                "MARINA": "No",
                "FOOD_DRINK": "No",
                "RESTRM": "No",
                "H_C": "No",
                "SHORELINE": "River",
                "ACCESS_TYP": "Visual, Fishing",
                "SOURCE_DATE": 1455236904000,
                "COUNTY_LAB": "Monmouth County",
                "MUN_LABEL": "Fair Haven Borough",
                "COMMENTS": " Fair Haven Municipal Boat Ramp; permit required to launch",
                "REVIEW_TYPE": "Public",
                "GLOBALID": "{82E5D575-1100-42E2-890B-69D7061CF493}"
            },
            "geometry": {
                "type": "Point",
                "coordinates": [
                    -74.042065,
                    40.366485
                ]
            }
        },
        {
            "type": "Feature",
            "id": 18677,
            "properties": {
                "OBJECTID": 18677,
                "PA_ID": "LSB00115",
                "ID_SIGN": "Yes",
                "PARKING": "Lot",
                "STREET": "Edgewood Ave",
                "CROSS_ST": "Riverview Ave",
                "BADGE": "No",
                "SWIMMING": "No",
                "FISHING": "Yes",
                "SURFING": "NA",
                "PLAYGRD": "Yes",
                "PARK": "Yes",
                "PIER": "Yes",
                "BOATLNCH": "Yes",
                "MARINA": "No",
                "FOOD_DRINK": "No",
                "RESTRM": "No",
                "H_C": "Yes",
                "SHORELINE": "Bay/River",
                "ACCESS_TYP": "Fishing",
                "SOURCE_DATE": 1454925600000,
                "COUNTY_LAB": "Monmouth County",
                "MUN_LABEL": "Little Silver Borough",
                "COMMENTS": "Dominick F. Santelle Park with tennis and basketball courts, benches, trash receptacles, and porta potty.",
                "REVIEW_TYPE": "Public",
                "GLOBALID": "{09B1FF97-44FE-4D50-9A38-A1B7AAD6B19C}"
            },
            "geometry": {
                "type": "Point",
                "coordinates": [
                    -74.033487,
                    40.323492
                ]
            }
        },
        {
            "type": "Feature",
            "id": 18682,
            "properties": {
                "OBJECTID": 18682,
                "PA_ID": "OB03715",
                "ID_SIGN": "Yes",
                "PARKING": "Lot",
                "STREET": "Port au Peck Ave",
                "CROSS_ST": "Serand Ave",
                "BADGE": "No",
                "SWIMMING": "No",
                "FISHING": "Yes",
                "SURFING": "NA",
                "PLAYGRD": "Yes",
                "PARK": "Yes",
                "PIER": "No",
                "BOATLNCH": "Yes",
                "MARINA": "No",
                "FOOD_DRINK": "No",
                "RESTRM": "Yes",
                "H_C": "Yes",
                "SHORELINE": "River",
                "ACCESS_TYP": "Fishing, Boat",
                "SOURCE_DATE": 1455018198000,
                "COUNTY_LAB": "Monmouth County",
                "MUN_LABEL": "Oceanport Borough",
                "COMMENTS": "basketball, baseball, hockey, and tennis courts, pool, benches, and trash receptacles.",
                "REVIEW_TYPE": "Public",
                "GLOBALID": "{B4B47FB7-62E5-427B-B03F-18B239BBABA4}"
            },
            "geometry": {
                "type": "Point",
                "coordinates": [
                    -74.006949,
                    40.325932
                ]
            }
        },
        {
            "type": "Feature",
            "id": 19263,
            "properties": {
                "OBJECTID": 19263,
                "PA_ID": "FHB00415",
                "ID_SIGN": "Yes",
                "PARKING": "Street",
                "STREET": "Fair Haven Rd",
                "CROSS_ST": " Fairwaters Lane",
                "BADGE": "No",
                "SWIMMING": "No",
                "FISHING": "Yes",
                "SURFING": "NA",
                "PLAYGRD": "No",
                "PARK": "No",
                "PIER": "Yes",
                "BOATLNCH": "No",
                "MARINA": "Yes",
                "FOOD_DRINK": "No",
                "RESTRM": "No",
                "H_C": "Yes",
                "SHORELINE": "River",
                "ACCESS_TYP": "Visual, Fishing",
                "SOURCE_DATE": 1455237248000,
                "COUNTY_LAB": "Monmouth County",
                "MUN_LABEL": "Fair Haven Borough",
                "COMMENTS": " Fair Haven Dock; benches, trash/recycling cans",
                "REVIEW_TYPE": "Public",
                "GLOBALID": "{2341239D-9110-437B-9164-0411226E5C96}"
            },
            "geometry": {
                "type": "Point",
                "coordinates": [
                    -74.038462,
                    40.36745
                ]
            }
        },
        {
            "type": "Feature",
            "id": 18589,
            "properties": {
                "OBJECTID": 18589,
                "PA_ID": "SB02215",
                "ID_SIGN": "No",
                "PARKING": "Street",
                "STREET": "Imbrie Pl",
                "CROSS_ST": "Ocean Ave",
                "BADGE": "No",
                "SWIMMING": "No",
                "FISHING": "Yes",
                "SURFING": "NA",
                "PLAYGRD": "No",
                "PARK": "No",
                "PIER": "No",
                "BOATLNCH": "No",
                "MARINA": "Yes",
                "FOOD_DRINK": "No",
                "RESTRM": "No",
                "H_C": "No",
                "SHORELINE": "River",
                "ACCESS_TYP": "Visual, Fishing",
                "SOURCE_DATE": 1445932800000,
                "COUNTY_LAB": "Monmouth County",
                "MUN_LABEL": "Sea Bright Borough",
                "COMMENTS": " ",
                "REVIEW_TYPE": "Public",
                "GLOBALID": "{F8B50143-5B1A-4661-9429-DAB6F56F459A}"
            },
            "geometry": {
                "type": "Point",
                "coordinates": [
                    -73.975976,
                    40.350081
                ]
            }
        },
        {
            "type": "Feature",
            "id": 18664,
            "properties": {
                "OBJECTID": 18664,
                "PA_ID": "OB02215",
                "ID_SIGN": "No",
                "PARKING": "Street",
                "STREET": "Werah Pl",
                "CROSS_ST": "Seneca Pl",
                "BADGE": "No",
                "SWIMMING": "No",
                "FISHING": "No",
                "SURFING": "No",
                "PLAYGRD": "No",
                "PARK": "No",
                "PIER": "No",
                "BOATLNCH": "Yes",
                "MARINA": "No",
                "FOOD_DRINK": "No",
                "RESTRM": "No",
                "H_C": "No",
                "SHORELINE": "River",
                "ACCESS_TYP": "Boat",
                "SOURCE_DATE": 1455018857000,
                "COUNTY_LAB": "Monmouth County",
                "MUN_LABEL": "Oceanport Borough",
                "COMMENTS": " street parking",
                "REVIEW_TYPE": "Public",
                "GLOBALID": "{B320C42B-3459-4C30-A801-228745F756ED}"
            },
            "geometry": {
                "type": "Point",
                "coordinates": [
                    -73.99779,
                    40.319077
                ]
            }
        },
        {
            "type": "Feature",
            "id": 18686,
            "properties": {
                "OBJECTID": 18686,
                "PA_ID": "MBB00415",
                "ID_SIGN": "Yes",
                "PARKING": "Lot",
                "STREET": "Tocci Ave",
                "CROSS_ST": "Wesley St",
                "BADGE": "No",
                "SWIMMING": "No",
                "FISHING": "Yes",
                "SURFING": "NA",
                "PLAYGRD": "Yes",
                "PARK": "Yes",
                "PIER": "No",
                "BOATLNCH": "Yes",
                "MARINA": "No",
                "FOOD_DRINK": "Yes",
                "RESTRM": "Yes",
                "H_C": "Yes",
                "SHORELINE": "River",
                "ACCESS_TYP": "Visual, Fishing",
                "SOURCE_DATE": 1448964000000,
                "COUNTY_LAB": "Monmouth County",
                "MUN_LABEL": "Monmouth Beach Borough",
                "COMMENTS": " Pavilion, baseball soccer basketball garbage tennis fitness trail",
                "REVIEW_TYPE": "Public",
                "GLOBALID": "{1500D22B-7B6B-4BB4-A6A9-314C5EDBDE80}"
            },
            "geometry": {
                "type": "Point",
                "coordinates": [
                    -73.986327,
                    40.328014
                ]
            }
        },
        {
            "type": "Feature",
            "id": 18690,
            "properties": {
                "OBJECTID": 18690,
                "PA_ID": "OB04315",
                "ID_SIGN": "No",
                "PARKING": "Lot",
                "STREET": "Seawaneka Ave",
                "CROSS_ST": "Pocano Ave",
                "BADGE": "No",
                "SWIMMING": "No",
                "FISHING": "Yes",
                "SURFING": "NA",
                "PLAYGRD": "No",
                "PARK": "No",
                "PIER": "No",
                "BOATLNCH": "Yes",
                "MARINA": "No",
                "FOOD_DRINK": "No",
                "RESTRM": "No",
                "H_C": "No",
                "SHORELINE": "River",
                "ACCESS_TYP": "Fishing, Boat",
                "SOURCE_DATE": 1455018332000,
                "COUNTY_LAB": "Monmouth County",
                "MUN_LABEL": "Oceanport Borough",
                "COMMENTS": "Gravel boat launch with benches, and trash receptacles.",
                "REVIEW_TYPE": "Public",
                "GLOBALID": "{6A125B04-2157-4415-A471-59774338E41C}"
            },
            "geometry": {
                "type": "Point",
                "coordinates": [
                    -74.003488,
                    40.330345
                ]
            }
        },
        {
            "type": "Feature",
            "id": 18694,
            "properties": {
                "OBJECTID": 18694,
                "PA_ID": "MBB00815",
                "ID_SIGN": "Yes",
                "PARKING": "Lot",
                "STREET": "West St",
                "CROSS_ST": "Channel Dr",
                "BADGE": "No",
                "SWIMMING": "No",
                "FISHING": "Yes",
                "SURFING": "NA",
                "PLAYGRD": "No",
                "PARK": "No",
                "PIER": "No",
                "BOATLNCH": "Yes",
                "MARINA": "No",
                "FOOD_DRINK": "No",
                "RESTRM": "No",
                "H_C": "No",
                "SHORELINE": "River",
                "ACCESS_TYP": "Fishing, Boat",
                "SOURCE_DATE": 1448964000000,
                "COUNTY_LAB": "Monmouth County",
                "MUN_LABEL": "Monmouth Beach Borough",
                "COMMENTS": "Municipal boat launch.",
                "REVIEW_TYPE": "Public",
                "GLOBALID": "{43475A05-8306-4649-A815-E3DEF34E0EFE}"
            },
            "geometry": {
                "type": "Point",
                "coordinates": [
                    -73.98161,
                    40.335983
                ]
            }
        },
        {
            "type": "Feature",
            "id": 19271,
            "properties": {
                "OBJECTID": 19271,
                "PA_ID": "RB00915",
                "ID_SIGN": "Yes",
                "PARKING": "Lot",
                "STREET": "Avenue of two Rivers",
                "CROSS_ST": " Meadowbrook Ave",
                "BADGE": "No",
                "SWIMMING": "No",
                "FISHING": "Yes",
                "SURFING": "NA",
                "PLAYGRD": "No",
                "PARK": "No",
                "PIER": "No",
                "BOATLNCH": "Yes",
                "MARINA": "No",
                "FOOD_DRINK": "No",
                "RESTRM": "No",
                "H_C": "No",
                "SHORELINE": "River",
                "ACCESS_TYP": "Fishing, Boat",
                "SOURCE_DATE": 1457470051000,
                "COUNTY_LAB": "Monmouth County",
                "MUN_LABEL": "Rumson Borough",
                "COMMENTS": "Rumson Municipal Boat Ramp with pavilion, picnic tables, and trash receptacles. See municipal website for more details.",
                "REVIEW_TYPE": "Public",
                "GLOBALID": "{BF513196-EEC6-4459-8FB3-D7BAB8F2A517}"
            },
            "geometry": {
                "type": "Point",
                "coordinates": [
                    -74.000323,
                    40.376597
                ]
            }
        },
        {
            "type": "Feature",
            "id": 17269,
            "properties": {
                "OBJECTID": 17269,
                "PA_ID": "BELB00915",
                "ID_SIGN": "No",
                "PARKING": "Lot",
                "STREET": "Marina Ave.",
                "CROSS_ST": " ",
                "BADGE": "No",
                "SWIMMING": "No",
                "FISHING": "Yes",
                "SURFING": "NA",
                "PLAYGRD": "No",
                "PARK": "No",
                "PIER": "No",
                "BOATLNCH": "No",
                "MARINA": "Yes",
                "FOOD_DRINK": "No",
                "RESTRM": "No",
                "H_C": "Yes",
                "SHORELINE": "River",
                "ACCESS_TYP": "Fishing, Boat",
                "SOURCE_DATE": 1444157180000,
                "COUNTY_LAB": "Monmouth County",
                "MUN_LABEL": "Belmar Borough",
                "COMMENTS": " There's a fish cleaning station, benches and mini golf",
                "REVIEW_TYPE": "Public",
                "GLOBALID": "{0F205117-AE1F-4337-A6A1-2A96701902A4}"
            },
            "geometry": {
                "type": "Point",
                "coordinates": [
                    -74.031093,
                    40.179109
                ]
            }
        },
        {
            "type": "Feature",
            "id": 17270,
            "properties": {
                "OBJECTID": 17270,
                "PA_ID": "BELB01015",
                "ID_SIGN": "No",
                "PARKING": "Lot",
                "STREET": "Marina Ave.",
                "CROSS_ST": " River Rd.",
                "BADGE": "No",
                "SWIMMING": "No",
                "FISHING": "Yes",
                "SURFING": "NA",
                "PLAYGRD": "No",
                "PARK": "No",
                "PIER": "No",
                "BOATLNCH": "Yes",
                "MARINA": "No",
                "FOOD_DRINK": "No",
                "RESTRM": "No",
                "H_C": "No",
                "SHORELINE": "River",
                "ACCESS_TYP": "Beach, Fishing, Boat",
                "SOURCE_DATE": 1444155919000,
                "COUNTY_LAB": "Monmouth County",
                "MUN_LABEL": "Belmar Borough",
                "COMMENTS": "Boat ramp is by token or permit.  Tokens can be purchased at the Fisherman's Den or the Marina Office; permits can be purchased at the Marina Office.  One portable bathroom.  ",
                "REVIEW_TYPE": "Public",
                "GLOBALID": "{46BBFAB2-1158-4018-BF97-E05E58E56A1D}"
            },
            "geometry": {
                "type": "Point",
                "coordinates": [
                    -74.032935,
                    40.179518
                ]
            }
        },
        {
            "type": "Feature",
            "id": 17272,
            "properties": {
                "OBJECTID": 17272,
                "PA_ID": "BELB01115",
                "ID_SIGN": "No",
                "PARKING": "Lot",
                "STREET": "Marina Ave",
                "CROSS_ST": " 10th Ave",
                "BADGE": "No",
                "SWIMMING": "No",
                "FISHING": "Yes",
                "SURFING": "NA",
                "PLAYGRD": "No",
                "PARK": "No",
                "PIER": "No",
                "BOATLNCH": "No",
                "MARINA": "Yes",
                "FOOD_DRINK": "Yes",
                "RESTRM": "Yes",
                "H_C": "Yes",
                "SHORELINE": "River",
                "ACCESS_TYP": "Fishing, Boat",
                "SOURCE_DATE": 1444158290000,
                "COUNTY_LAB": "Monmouth County",
                "MUN_LABEL": "Belmar Borough",
                "COMMENTS": " Benches, Fuel station,trash cans, bait/tackle shop",
                "REVIEW_TYPE": "Public",
                "GLOBALID": "{558528B8-81C1-4391-94C3-F5EBF47E8E77}"
            },
            "geometry": {
                "type": "Point",
                "coordinates": [
                    -74.029881,
                    40.180292
                ]
            }
        },
        {
            "type": "Feature",
            "id": 17274,
            "properties": {
                "OBJECTID": 17274,
                "PA_ID": "BELB01215",
                "ID_SIGN": "No",
                "PARKING": "Lot",
                "STREET": "Marina Ave",
                "CROSS_ST": " ",
                "BADGE": "No",
                "SWIMMING": "No",
                "FISHING": "Yes",
                "SURFING": "NA",
                "PLAYGRD": "No",
                "PARK": "No",
                "PIER": "Yes",
                "BOATLNCH": "No",
                "MARINA": "Yes",
                "FOOD_DRINK": "Yes",
                "RESTRM": "Yes",
                "H_C": "Yes",
                "SHORELINE": "River",
                "ACCESS_TYP": "Visual, Fishing",
                "SOURCE_DATE": 1444158664000,
                "COUNTY_LAB": "Monmouth County",
                "MUN_LABEL": "Belmar Borough",
                "COMMENTS": "9th Ave Pier for food and drink",
                "REVIEW_TYPE": "Public",
                "GLOBALID": "{5D8EECDF-92B7-4FF6-AECA-6260B19D3F37}"
            },
            "geometry": {
                "type": "Point",
                "coordinates": [
                    -74.029263,
                    40.18122
                ]
            }
        },
        {
            "type": "Feature",
            "id": 17276,
            "properties": {
                "OBJECTID": 17276,
                "PA_ID": "BELB01315",
                "ID_SIGN": "No",
                "PARKING": "Lot",
                "STREET": "River Rd",
                "CROSS_ST": " 8th Ave",
                "BADGE": "No",
                "SWIMMING": "No",
                "FISHING": "No",
                "SURFING": "NA",
                "PLAYGRD": "No",
                "PARK": "No",
                "PIER": "No",
                "BOATLNCH": "No",
                "MARINA": "Yes",
                "FOOD_DRINK": "No",
                "RESTRM": "Yes",
                "H_C": "Yes",
                "SHORELINE": "River",
                "ACCESS_TYP": "Visual, Fishing",
                "SOURCE_DATE": 1444159252000,
                "COUNTY_LAB": "Monmouth County",
                "MUN_LABEL": "Belmar Borough",
                "COMMENTS": " Fish cleaning station",
                "REVIEW_TYPE": "Public",
                "GLOBALID": "{30BE542D-EBB6-443C-9773-C0DBAB995393}"
            },
            "geometry": {
                "type": "Point",
                "coordinates": [
                    -74.028174,
                    40.182031
                ]
            }
        },
        {
            "type": "Feature",
            "id": 17278,
            "properties": {
                "OBJECTID": 17278,
                "PA_ID": "BELB01415",
                "ID_SIGN": "No",
                "PARKING": "Lot",
                "STREET": "River Road",
                "CROSS_ST": " ",
                "BADGE": "No",
                "SWIMMING": "No",
                "FISHING": "Yes",
                "SURFING": "NA",
                "PLAYGRD": "No",
                "PARK": "No",
                "PIER": "No",
                "BOATLNCH": "No",
                "MARINA": "Yes",
                "FOOD_DRINK": "No",
                "RESTRM": "No",
                "H_C": "No",
                "SHORELINE": "River/Inlet",
                "ACCESS_TYP": "Visual, Fishing",
                "SOURCE_DATE": 1444160049000,
                "COUNTY_LAB": "Monmouth County",
                "MUN_LABEL": "Belmar Borough",
                "COMMENTS": "Marina walkway",
                "REVIEW_TYPE": "Public",
                "GLOBALID": "{F2FF0307-A1DB-49EE-A350-20CCC3297167}"
            },
            "geometry": {
                "type": "Point",
                "coordinates": [
                    -74.02653,
                    40.183639
                ]
            }
        },
        {
            "type": "Feature",
            "id": 17304,
            "properties": {
                "OBJECTID": 17304,
                "PA_ID": "NT01115",
                "ID_SIGN": "No",
                "PARKING": "Street",
                "STREET": "South Riverside Dr",
                "CROSS_ST": "Hillcrest Ave",
                "BADGE": "No",
                "SWIMMING": "No",
                "FISHING": "Yes",
                "SURFING": "NA",
                "PLAYGRD": "No",
                "PARK": "No",
                "PIER": "No",
                "BOATLNCH": "No",
                "MARINA": "Yes",
                "FOOD_DRINK": "No",
                "RESTRM": "No",
                "H_C": "No",
                "SHORELINE": "Bay/River",
                "ACCESS_TYP": "Visual, Fishing",
                "SOURCE_DATE": 1452592800000,
                "COUNTY_LAB": "Monmouth County",
                "MUN_LABEL": "Neptune Township",
                "COMMENTS": " ",
                "REVIEW_TYPE": "Public",
                "GLOBALID": "{EA821D8A-C2A3-4457-9983-3671C79AEAA1}"
            },
            "geometry": {
                "type": "Point",
                "coordinates": [
                    -74.038986,
                    40.192588
                ]
            }
        },
        {
            "type": "Feature",
            "id": 17306,
            "properties": {
                "OBJECTID": 17306,
                "PA_ID": "NT01215",
                "ID_SIGN": "No",
                "PARKING": "Street",
                "STREET": "South Riverside Dr",
                "CROSS_ST": "Fairview Pl",
                "BADGE": "No",
                "SWIMMING": "No",
                "FISHING": "Yes",
                "SURFING": "NA",
                "PLAYGRD": "No",
                "PARK": "No",
                "PIER": "No",
                "BOATLNCH": "No",
                "MARINA": "Yes",
                "FOOD_DRINK": "No",
                "RESTRM": "No",
                "H_C": "No",
                "SHORELINE": "Bay/River",
                "ACCESS_TYP": "Visual, Fishing",
                "SOURCE_DATE": 1452592800000,
                "COUNTY_LAB": "Monmouth County",
                "MUN_LABEL": "Neptune Township",
                "COMMENTS": " ",
                "REVIEW_TYPE": "Public",
                "GLOBALID": "{6E5131E2-8634-4806-A253-606503BBBBAB}"
            },
            "geometry": {
                "type": "Point",
                "coordinates": [
                    -74.039173,
                    40.193248
                ]
            }
        },
        {
            "type": "Feature",
            "id": 17309,
            "properties": {
                "OBJECTID": 17309,
                "PA_ID": "NT01315",
                "ID_SIGN": "Yes",
                "PARKING": "Street",
                "STREET": "South Riverside Dr",
                "CROSS_ST": "Beverly Way",
                "BADGE": "No",
                "SWIMMING": "No",
                "FISHING": "Yes",
                "SURFING": "NA",
                "PLAYGRD": "No",
                "PARK": "No",
                "PIER": "No",
                "BOATLNCH": "Yes",
                "MARINA": "Yes",
                "FOOD_DRINK": "No",
                "RESTRM": "No",
                "H_C": "No",
                "SHORELINE": "Bay/River",
                "ACCESS_TYP": "Visual, Fishing",
                "SOURCE_DATE": 1452592800000,
                "COUNTY_LAB": "Monmouth County",
                "MUN_LABEL": "Neptune Township",
                "COMMENTS": " ",
                "REVIEW_TYPE": "Public",
                "GLOBALID": "{DC871D2B-E081-4B0E-B73D-060396C32E2F}"
            },
            "geometry": {
                "type": "Point",
                "coordinates": [
                    -74.039238,
                    40.193984
                ]
            }
        },
        {
            "type": "Feature",
            "id": 17312,
            "properties": {
                "OBJECTID": 17312,
                "PA_ID": "NT01415",
                "ID_SIGN": "No",
                "PARKING": "Street",
                "STREET": "South Riverside Dr",
                "CROSS_ST": "Riverview Ct",
                "BADGE": "No",
                "SWIMMING": "No",
                "FISHING": "Yes",
                "SURFING": "NA",
                "PLAYGRD": "No",
                "PARK": "No",
                "PIER": "No",
                "BOATLNCH": "No",
                "MARINA": "Yes",
                "FOOD_DRINK": "No",
                "RESTRM": "No",
                "H_C": "No",
                "SHORELINE": "Bay/River",
                "ACCESS_TYP": "Visual, Fishing",
                "SOURCE_DATE": 1452592800000,
                "COUNTY_LAB": "Monmouth County",
                "MUN_LABEL": "Neptune Township",
                "COMMENTS": " ",
                "REVIEW_TYPE": "Public",
                "GLOBALID": "{BF670EF6-576C-4A84-9B97-04DC1406570B}"
            },
            "geometry": {
                "type": "Point",
                "coordinates": [
                    -74.040268,
                    40.19549
                ]
            }
        },
        {
            "type": "Feature",
            "id": 18797,
            "properties": {
                "OBJECTID": 18797,
                "PA_ID": "ASB00915",
                "ID_SIGN": "Yes",
                "PARKING": "Lot",
                "STREET": "Poole Avenue",
                "CROSS_ST": "Main Street",
                "BADGE": "No",
                "SWIMMING": "No",
                "FISHING": "Yes",
                "SURFING": "NA",
                "PLAYGRD": "No",
                "PARK": "No",
                "PIER": "No",
                "BOATLNCH": "Yes",
                "MARINA": "Yes",
                "FOOD_DRINK": "No",
                "RESTRM": "No",
                "H_C": "Yes",
                "SHORELINE": "River",
                "ACCESS_TYP": "Boat",
                "SOURCE_DATE": 1435132800000,
                "COUNTY_LAB": "Monmouth County",
                "MUN_LABEL": "Avon-by-the-Sea Borough",
                "COMMENTS": "Rental or civic functions",
                "REVIEW_TYPE": "Public",
                "GLOBALID": "{F66CAECE-36ED-4E79-9472-54E950FC0B04}"
            },
            "geometry": {
                "type": "Point",
                "coordinates": [
                    -74.022932,
                    40.187437
                ]
            }
        },
        {
            "type": "Feature",
            "id": 19323,
            "properties": {
                "OBJECTID": 19323,
                "PA_ID": "KYB00715",
                "ID_SIGN": "Yes",
                "PARKING": "Lot",
                "STREET": "Broad St",
                "CROSS_ST": "1st St",
                "BADGE": "No",
                "SWIMMING": "No",
                "FISHING": "Yes",
                "SURFING": "NA",
                "PLAYGRD": "Yes",
                "PARK": "Yes",
                "PIER": "No",
                "BOATLNCH": "Yes",
                "MARINA": "No",
                "FOOD_DRINK": "No",
                "RESTRM": "No",
                "H_C": "Yes",
                "SHORELINE": "Bay",
                "ACCESS_TYP": "Beach, Fishing, Boat",
                "SOURCE_DATE": 1454493600000,
                "COUNTY_LAB": "Monmouth County",
                "MUN_LABEL": "Keyport Borough",
                "COMMENTS": "Beach park: gazebo, benches, trash receptacles, swimming at your own risk, beach volleyball",
                "REVIEW_TYPE": "Public",
                "GLOBALID": "{67EDECDA-3576-40DA-B238-A9F36CAFF249}"
            },
            "geometry": {
                "type": "Point",
                "coordinates": [
                    -74.202518,
                    40.43915
                ]
            }
        },
        {
            "type": "Feature",
            "id": 18650,
            "properties": {
                "OBJECTID": 18650,
                "PA_ID": "LBC01115",
                "ID_SIGN": "Yes",
                "PARKING": "Lot",
                "STREET": "East St",
                "CROSS_ST": "Branchport Ave",
                "BADGE": "No",
                "SWIMMING": "No",
                "FISHING": "Yes",
                "SURFING": "NA",
                "PLAYGRD": "No",
                "PARK": "No",
                "PIER": "No",
                "BOATLNCH": "Yes",
                "MARINA": "No",
                "FOOD_DRINK": "No",
                "RESTRM": "No",
                "H_C": "No",
                "SHORELINE": "River",
                "ACCESS_TYP": "Fishing, Boat",
                "SOURCE_DATE": 1446717600000,
                "COUNTY_LAB": "Monmouth County",
                "MUN_LABEL": "Long Branch City",
                "COMMENTS": "Picnic tables, benches, trash receptacles ",
                "REVIEW_TYPE": "Public",
                "GLOBALID": "{A82F9E57-40BF-4F83-A0EB-B8828CC88E7D}"
            },
            "geometry": {
                "type": "Point",
                "coordinates": [
                    -74.00302,
                    40.311629
                ]
            }
        },
        {
            "type": "Feature",
            "id": 16607,
            "properties": {
                "OBJECTID": 16607,
                "PA_ID": "PAC01716",
                "ID_SIGN": "Yes",
                "PARKING": "Lot",
                "STREET": "Front St",
                "CROSS_ST": null,
                "BADGE": "No",
                "SWIMMING": "No",
                "FISHING": "Yes",
                "SURFING": "NA",
                "PLAYGRD": "No",
                "PARK": "Yes",
                "PIER": "Yes",
                "BOATLNCH": "No",
                "MARINA": "Yes",
                "FOOD_DRINK": "No",
                "RESTRM": "No",
                "H_C": "Yes",
                "SHORELINE": "River",
                "ACCESS_TYP": "Visual, Fishing",
                "SOURCE_DATE": 1453240785000,
                "COUNTY_LAB": "Middlesex County",
                "MUN_LABEL": "Perth Amboy City",
                "COMMENTS": "Trash bins, recycling bins, benches, historic ferry, no pets, fish cleaning stations, charters available",
                "REVIEW_TYPE": "Public",
                "GLOBALID": "{EDBF2D41-A705-42B8-803B-2AF0C46EC958}"
            },
            "geometry": {
                "type": "Point",
                "coordinates": [
                    -74.262448,
                    40.506316
                ]
            }
        },
        {
            "type": "Feature",
            "id": 17048,
            "properties": {
                "OBJECTID": 17048,
                "PA_ID": "SAB01115",
                "ID_SIGN": "Yes",
                "PARKING": "Lot",
                "STREET": "River Rd",
                "CROSS_ST": "Sayreville Blvd",
                "BADGE": "No",
                "SWIMMING": "No",
                "FISHING": "Yes",
                "SURFING": "NA",
                "PLAYGRD": "Yes",
                "PARK": "Yes",
                "PIER": "No",
                "BOATLNCH": "Yes",
                "MARINA": "No",
                "FOOD_DRINK": "No",
                "RESTRM": "Yes",
                "H_C": "Yes",
                "SHORELINE": "River",
                "ACCESS_TYP": "Fishing, Boat",
                "SOURCE_DATE": 1458288000000,
                "COUNTY_LAB": "Middlesex County",
                "MUN_LABEL": "Sayreville Borough",
                "COMMENTS": "Ken Buchanan Riverfront Park with pavilions, and boat launch; boat ramp with permit only. See municipal website for more details.",
                "REVIEW_TYPE": "Public",
                "GLOBALID": "{ADD449C1-B98E-4E8B-A82F-5073CD291BA2}"
            },
            "geometry": {
                "type": "Point",
                "coordinates": [
                    -74.35542,
                    40.474551
                ]
            }
        },
        {
            "type": "Feature",
            "id": 17078,
            "properties": {
                "OBJECTID": 17078,
                "PA_ID": "WOT00115",
                "ID_SIGN": "Yes",
                "PARKING": "Lot",
                "STREET": "Cliff Road",
                "CROSS_ST": "Ferry Street",
                "BADGE": "No",
                "SWIMMING": "No",
                "FISHING": "Yes",
                "SURFING": "NA",
                "PLAYGRD": "No",
                "PARK": "Yes",
                "PIER": "Yes",
                "BOATLNCH": "Yes",
                "MARINA": "No",
                "FOOD_DRINK": "No",
                "RESTRM": "Yes",
                "H_C": "Yes",
                "SHORELINE": "River",
                "ACCESS_TYP": "Fishing, Boat",
                "SOURCE_DATE": 1458851567000,
                "COUNTY_LAB": "Middlesex County",
                "MUN_LABEL": "Woodbridge Township",
                "COMMENTS": " gazebo, porta potty, trash cans and recycables",
                "REVIEW_TYPE": "Public",
                "GLOBALID": "{ADC9510E-3FCC-4735-AEF1-03AA3EE165C4}"
            },
            "geometry": {
                "type": "Point",
                "coordinates": [
                    -74.25439,
                    40.545482
                ]
            }
        },
        {
            "type": "Feature",
            "id": 17086,
            "properties": {
                "OBJECTID": 17086,
                "PA_ID": "CB00115",
                "ID_SIGN": "Yes",
                "PARKING": "Lot",
                "STREET": "Waterfront Access Rd",
                "CROSS_ST": "Peter J. Sica Industrial Highway",
                "BADGE": "No",
                "SWIMMING": "No",
                "FISHING": "Yes",
                "SURFING": "NA",
                "PLAYGRD": "No",
                "PARK": "Yes",
                "PIER": "Yes",
                "BOATLNCH": "Yes",
                "MARINA": "No",
                "FOOD_DRINK": "No",
                "RESTRM": "Yes",
                "H_C": "Yes",
                "SHORELINE": "River",
                "ACCESS_TYP": "Fishing, Boat",
                "SOURCE_DATE": 1451988000000,
                "COUNTY_LAB": "Middlesex County",
                "MUN_LABEL": "Carteret Borough",
                "COMMENTS": "Carteret Waterfront Park: Fitness trail",
                "REVIEW_TYPE": "Public",
                "GLOBALID": "{1D840E7B-F4D9-46FB-8A29-FAE9B6F79893}"
            },
            "geometry": {
                "type": "Point",
                "coordinates": [
                    -74.21833,
                    40.573121
                ]
            }
        },
        {
            "type": "Feature",
            "id": 17020,
            "properties": {
                "OBJECTID": 17020,
                "PA_ID": "SAB01415",
                "ID_SIGN": "No",
                "PARKING": "Street",
                "STREET": "John St",
                "CROSS_ST": "-",
                "BADGE": "No",
                "SWIMMING": "No",
                "FISHING": "Yes",
                "SURFING": "NA",
                "PLAYGRD": "No",
                "PARK": "No",
                "PIER": "No",
                "BOATLNCH": "No",
                "MARINA": "Yes",
                "FOOD_DRINK": "No",
                "RESTRM": "No",
                "H_C": "No",
                "SHORELINE": "River",
                "ACCESS_TYP": "Fishing",
                "SOURCE_DATE": 1458288000000,
                "COUNTY_LAB": "Middlesex County",
                "MUN_LABEL": "Sayreville Borough",
                "COMMENTS": "Small opening through vegetation to South River; see municipal website for more details. Adjacent to marina.",
                "REVIEW_TYPE": "Public",
                "GLOBALID": "{83200947-6A3E-4C74-8F13-55D430CFD0C7}"
            },
            "geometry": {
                "type": "Point",
                "coordinates": [
                    -74.362121,
                    40.417585
                ]
            }
        },
        {
            "type": "Feature",
            "id": 17265,
            "properties": {
                "OBJECTID": 17265,
                "PA_ID": "BELB00215",
                "ID_SIGN": "No",
                "PARKING": "Lot",
                "STREET": "Marina Ave.",
                "CROSS_ST": " River Rd.",
                "BADGE": "No",
                "SWIMMING": "No",
                "FISHING": "Yes",
                "SURFING": "NA",
                "PLAYGRD": "No",
                "PARK": "No",
                "PIER": "No",
                "BOATLNCH": "Yes",
                "MARINA": "Yes",
                "FOOD_DRINK": "No",
                "RESTRM": "No",
                "H_C": "Yes",
                "SHORELINE": "River",
                "ACCESS_TYP": "Beach, Fishing, Boat",
                "SOURCE_DATE": 1444169540000,
                "COUNTY_LAB": "Monmouth County",
                "MUN_LABEL": "Belmar Borough",
                "COMMENTS": "Southern entrance to the marina.  Boat ramp is by token or permit.  Tokens can be purchased at the Fisherman's Den or the Marina Office; permits can be purchased at the Marina Office.  One portable bathroom.  ",
                "REVIEW_TYPE": "Public",
                "GLOBALID": "{7F77B433-8924-4AFD-B80D-8FF8BF57A98E}"
            },
            "geometry": {
                "type": "Point",
                "coordinates": [
                    -74.032818,
                    40.178342
                ]
            }
        },
        {
            "type": "Feature",
            "id": 17317,
            "properties": {
                "OBJECTID": 17317,
                "PA_ID": "MANB01415",
                "ID_SIGN": "Yes",
                "PARKING": "Lot",
                "STREET": "4th Ave",
                "CROSS_ST": "Main St",
                "BADGE": "No",
                "SWIMMING": "No",
                "FISHING": "Yes",
                "SURFING": "NA",
                "PLAYGRD": "No",
                "PARK": "No",
                "PIER": "No",
                "BOATLNCH": "No",
                "MARINA": "Yes",
                "FOOD_DRINK": "No",
                "RESTRM": "No",
                "H_C": "No",
                "SHORELINE": "River",
                "ACCESS_TYP": "Fishing, Boat",
                "SOURCE_DATE": 1452247200000,
                "COUNTY_LAB": "Monmouth County",
                "MUN_LABEL": "Manasquan Borough",
                "COMMENTS": " ",
                "REVIEW_TYPE": "Public",
                "GLOBALID": "{1E876B67-B914-47EF-93B9-7DE9D2255002}"
            },
            "geometry": {
                "type": "Point",
                "coordinates": [
                    -74.037781,
                    40.113426
                ]
            }
        },
        {
            "type": "Feature",
            "id": 17319,
            "properties": {
                "OBJECTID": 17319,
                "PA_ID": "MANB01615",
                "ID_SIGN": "No",
                "PARKING": "No",
                "STREET": "Cedar Ave",
                "CROSS_ST": "Perrine Blvd",
                "BADGE": "No",
                "SWIMMING": "No",
                "FISHING": "Yes",
                "SURFING": "NA",
                "PLAYGRD": "No",
                "PARK": "No",
                "PIER": "No",
                "BOATLNCH": "No",
                "MARINA": "Yes",
                "FOOD_DRINK": "No",
                "RESTRM": "No",
                "H_C": "No",
                "SHORELINE": "River",
                "ACCESS_TYP": "Visual, Fishing",
                "SOURCE_DATE": 1452247200000,
                "COUNTY_LAB": "Monmouth County",
                "MUN_LABEL": "Manasquan Borough",
                "COMMENTS": " ",
                "REVIEW_TYPE": "Public",
                "GLOBALID": "{6A6B11ED-B995-4327-900C-CDF13691D803}"
            },
            "geometry": {
                "type": "Point",
                "coordinates": [
                    -74.039275,
                    40.113702
                ]
            }
        },
        {
            "type": "Feature",
            "id": 17322,
            "properties": {
                "OBJECTID": 17322,
                "PA_ID": "MANB01815",
                "ID_SIGN": "Yes",
                "PARKING": "Lot",
                "STREET": "4th Ave",
                "CROSS_ST": "Main St",
                "BADGE": "No",
                "SWIMMING": "No",
                "FISHING": "Yes",
                "SURFING": "NA",
                "PLAYGRD": "No",
                "PARK": "No",
                "PIER": "No",
                "BOATLNCH": "No",
                "MARINA": "Yes",
                "FOOD_DRINK": "No",
                "RESTRM": "No",
                "H_C": "No",
                "SHORELINE": "River",
                "ACCESS_TYP": "Fishing, Boat",
                "SOURCE_DATE": 1452247200000,
                "COUNTY_LAB": "Monmouth County",
                "MUN_LABEL": "Manasquan Borough",
                "COMMENTS": " ",
                "REVIEW_TYPE": "Public",
                "GLOBALID": "{6138F0CF-1596-4972-85D5-4749CB2B7880}"
            },
            "geometry": {
                "type": "Point",
                "coordinates": [
                    -74.036896,
                    40.113801
                ]
            }
        },
        {
            "type": "Feature",
            "id": 17706,
            "properties": {
                "OBJECTID": 17706,
                "PA_ID": "SPB05115",
                "ID_SIGN": "Yes",
                "PARKING": "Lot",
                "STREET": "Bayview Ave",
                "CROSS_ST": "13th Ave",
                "BADGE": "No",
                "SWIMMING": "No",
                "FISHING": "Yes",
                "SURFING": "NA",
                "PLAYGRD": "No",
                "PARK": "No",
                "PIER": "No",
                "BOATLNCH": "Yes",
                "MARINA": "No",
                "FOOD_DRINK": "No",
                "RESTRM": "No",
                "H_C": "Yes",
                "SHORELINE": "Bay",
                "ACCESS_TYP": "Beach, Fishing",
                "SOURCE_DATE": 1479186000000,
                "COUNTY_LAB": "Ocean County",
                "MUN_LABEL": "Seaside Park Borough",
                "COMMENTS": "Informative sign, shower",
                "REVIEW_TYPE": "Public",
                "GLOBALID": "{48CB21E4-ECF5-44FD-8CD0-55E6613C2613}"
            },
            "geometry": {
                "type": "Point",
                "coordinates": [
                    -74.084706,
                    39.914238
                ]
            }
        },
        {
            "type": "Feature",
            "id": 17784,
            "properties": {
                "OBJECTID": 17784,
                "PA_ID": "PBP01215",
                "ID_SIGN": "Yes",
                "PARKING": "Street",
                "STREET": "Prospect Ave",
                "CROSS_ST": " Springfield Ave",
                "BADGE": "No",
                "SWIMMING": "No",
                "FISHING": "Yes",
                "SURFING": "NA",
                "PLAYGRD": "Yes",
                "PARK": "Yes",
                "PIER": "Yes",
                "BOATLNCH": "Yes",
                "MARINA": "No",
                "FOOD_DRINK": "No",
                "RESTRM": "No",
                "H_C": "No",
                "SHORELINE": "River",
                "ACCESS_TYP": "Beach, Fishing, Boat",
                "SOURCE_DATE": 1455920710000,
                "COUNTY_LAB": "Ocean County",
                "MUN_LABEL": "Pine Beach Borough",
                "COMMENTS": " Parking by permit/boat ramp by permit/picnic table/small beach/trash receptacles ",
                "REVIEW_TYPE": "Public",
                "GLOBALID": "{DC6FF85F-3E7B-4038-94B0-5C49EEE52296}"
            },
            "geometry": {
                "type": "Point",
                "coordinates": [
                    -74.177522,
                    39.938698
                ]
            }
        },
        {
            "type": "Feature",
            "id": 17795,
            "properties": {
                "OBJECTID": 17795,
                "PA_ID": "PBP00715",
                "ID_SIGN": "Yes",
                "PARKING": "Street",
                "STREET": "Riverside Dr",
                "CROSS_ST": " Avon Rd",
                "BADGE": "Yes",
                "SWIMMING": "No",
                "FISHING": "Yes",
                "SURFING": "NA",
                "PLAYGRD": "Yes",
                "PARK": "Yes",
                "PIER": "Yes",
                "BOATLNCH": "No",
                "MARINA": "Yes",
                "FOOD_DRINK": "No",
                "RESTRM": "No",
                "H_C": "Yes",
                "SHORELINE": "River",
                "ACCESS_TYP": "Beach, Fishing, Boat",
                "SOURCE_DATE": 1455919404000,
                "COUNTY_LAB": "Ocean County",
                "MUN_LABEL": "Pine Beach Borough",
                "COMMENTS": " Avon Pier/no fishing between midnight and 5:00am/Boardwalk path",
                "REVIEW_TYPE": "Public",
                "GLOBALID": "{45D69701-43A7-43AF-B7E8-A3EED3379264}"
            },
            "geometry": {
                "type": "Point",
                "coordinates": [
                    -74.171452,
                    39.941142
                ]
            }
        },
        {
            "type": "Feature",
            "id": 17812,
            "properties": {
                "OBJECTID": 17812,
                "PA_ID": "TRT00615",
                "ID_SIGN": "Yes",
                "PARKING": "Lot",
                "STREET": "Brandon Rd",
                "CROSS_ST": "-",
                "BADGE": "No",
                "SWIMMING": "No",
                "FISHING": "Yes",
                "SURFING": "NA",
                "PLAYGRD": "No",
                "PARK": "Yes",
                "PIER": "No",
                "BOATLNCH": "Yes",
                "MARINA": "No",
                "FOOD_DRINK": "No",
                "RESTRM": "No",
                "H_C": "Yes",
                "SHORELINE": "Bay",
                "ACCESS_TYP": "Beach, Fishing",
                "SOURCE_DATE": 1457690400000,
                "COUNTY_LAB": "Ocean County",
                "MUN_LABEL": "Toms River Township",
                "COMMENTS": "Cattus Park with benches; see municipal website for more details.",
                "REVIEW_TYPE": "Public",
                "GLOBALID": "{840FC14F-E3FE-4504-897E-7238A715FA2C}"
            },
            "geometry": {
                "type": "Point",
                "coordinates": [
                    -74.135706,
                    39.984887
                ]
            }
        },
        {
            "type": "Feature",
            "id": 17832,
            "properties": {
                "OBJECTID": 17832,
                "PA_ID": "PBP00315",
                "ID_SIGN": "Yes",
                "PARKING": "Street",
                "STREET": "Riverside Dr",
                "CROSS_ST": " Henley Ave",
                "BADGE": "Yes",
                "SWIMMING": "No",
                "FISHING": "Yes",
                "SURFING": "NA",
                "PLAYGRD": "No",
                "PARK": "No",
                "PIER": "No",
                "BOATLNCH": "Yes",
                "MARINA": "No",
                "FOOD_DRINK": "No",
                "RESTRM": "No",
                "H_C": "No",
                "SHORELINE": "River",
                "ACCESS_TYP": "Fishing, Boat",
                "SOURCE_DATE": 1455918179000,
                "COUNTY_LAB": "Ocean County",
                "MUN_LABEL": "Pine Beach Borough",
                "COMMENTS": " Henley Pier/Large Dock/No fishing from midnight to 5:00am",
                "REVIEW_TYPE": "Public",
                "GLOBALID": "{2B3D755A-D6AC-4D17-AA01-BE05E6B4CF38}"
            },
            "geometry": {
                "type": "Point",
                "coordinates": [
                    -74.16288,
                    39.938319
                ]
            }
        },
        {
            "type": "Feature",
            "id": 17835,
            "properties": {
                "OBJECTID": 17835,
                "PA_ID": "IHB00415",
                "ID_SIGN": "Yes",
                "PARKING": "Lot",
                "STREET": "Lake Dr",
                "CROSS_ST": "-",
                "BADGE": "No",
                "SWIMMING": "No",
                "FISHING": "Yes",
                "SURFING": "NA",
                "PLAYGRD": "No",
                "PARK": "No",
                "PIER": "Yes",
                "BOATLNCH": "Yes",
                "MARINA": "No",
                "FOOD_DRINK": "No",
                "RESTRM": "No",
                "H_C": "Yes",
                "SHORELINE": "River",
                "ACCESS_TYP": "Fishing",
                "SOURCE_DATE": 1458207705000,
                "COUNTY_LAB": "Ocean County",
                "MUN_LABEL": "Island Heights Borough",
                "COMMENTS": "Pier",
                "REVIEW_TYPE": "Public",
                "GLOBALID": "{6AB4DAD9-E4F1-4B69-BDDC-9441E5A5ADE2}"
            },
            "geometry": {
                "type": "Point",
                "coordinates": [
                    -74.14472,
                    39.939604
                ]
            }
        },
        {
            "type": "Feature",
            "id": 17968,
            "properties": {
                "OBJECTID": 17968,
                "PA_ID": "BERT01415",
                "ID_SIGN": "No",
                "PARKING": "No",
                "STREET": "Williams St.",
                "CROSS_ST": " ",
                "BADGE": "No",
                "SWIMMING": "No",
                "FISHING": "No",
                "SURFING": "NA",
                "PLAYGRD": "No",
                "PARK": "No",
                "PIER": "No",
                "BOATLNCH": "No",
                "MARINA": "Yes",
                "FOOD_DRINK": "No",
                "RESTRM": "No",
                "H_C": "No",
                "SHORELINE": "River",
                "ACCESS_TYP": "Boat",
                "SOURCE_DATE": 1446804000000,
                "COUNTY_LAB": "Ocean County",
                "MUN_LABEL": "Berkeley Township",
                "COMMENTS": "See municipal website for more details.",
                "REVIEW_TYPE": "Public",
                "GLOBALID": "{BD3D7E4D-4F96-421A-9577-8555E20D0A3D}"
            },
            "geometry": {
                "type": "Point",
                "coordinates": [
                    -74.144019,
                    39.931442
                ]
            }
        },
        {
            "type": "Feature",
            "id": 17990,
            "properties": {
                "OBJECTID": 17990,
                "PA_ID": "PPB00215",
                "ID_SIGN": "Yes",
                "PARKING": "Street",
                "STREET": "Curtis Ave",
                "CROSS_ST": "River Rd",
                "BADGE": "No",
                "SWIMMING": "No",
                "FISHING": "Yes",
                "SURFING": "NA",
                "PLAYGRD": "No",
                "PARK": "No",
                "PIER": "No",
                "BOATLNCH": "Yes",
                "MARINA": "No",
                "FOOD_DRINK": "No",
                "RESTRM": "No",
                "H_C": "No",
                "SHORELINE": "River",
                "ACCESS_TYP": "Fishing, Boat",
                "SOURCE_DATE": 1458200548000,
                "COUNTY_LAB": "Ocean County",
                "MUN_LABEL": "Point Pleasant Borough",
                "COMMENTS": "Permit required for use of boat launch; see municipal website for more details.",
                "REVIEW_TYPE": "Public",
                "GLOBALID": "{2F920813-D198-46C1-A8FB-0C0ECE0BCB1C}"
            },
            "geometry": {
                "type": "Point",
                "coordinates": [
                    -74.074896,
                    40.088483
                ]
            }
        },
        {
            "type": "Feature",
            "id": 18060,
            "properties": {
                "OBJECTID": 18060,
                "PA_ID": "BRIT07615",
                "ID_SIGN": "Yes",
                "PARKING": "No",
                "STREET": "Channel Drive",
                "CROSS_ST": " ",
                "BADGE": "No",
                "SWIMMING": "No",
                "FISHING": "Yes",
                "SURFING": "NA",
                "PLAYGRD": "No",
                "PARK": "No",
                "PIER": "No",
                "BOATLNCH": "Yes",
                "MARINA": "No",
                "FOOD_DRINK": "No",
                "RESTRM": "No",
                "H_C": "No",
                "SHORELINE": "River",
                "ACCESS_TYP": "Beach, Fishing",
                "SOURCE_DATE": 1450951200000,
                "COUNTY_LAB": "Ocean County",
                "MUN_LABEL": "Brick Township",
                "COMMENTS": "Shore Acres Club Boat Ramp - private but non-members can make a donation to use the ramp; Ramp is for small boats/watercraft; Open 7a-9p",
                "REVIEW_TYPE": "Public",
                "GLOBALID": "{98E32AA9-F213-4735-9688-360DD3B9A6C1}"
            },
            "geometry": {
                "type": "Point",
                "coordinates": [
                    -74.105221,
                    40.026322
                ]
            }
        },
        {
            "type": "Feature",
            "id": 18188,
            "properties": {
                "OBJECTID": 18188,
                "PA_ID": "BRIB00215",
                "ID_SIGN": "Yes",
                "PARKING": "Street",
                "STREET": "Osprey Point Dr",
                "CROSS_ST": "Osprey Ln",
                "BADGE": "No",
                "SWIMMING": "No",
                "FISHING": "Yes",
                "SURFING": "NA",
                "PLAYGRD": "No",
                "PARK": "No",
                "PIER": "No",
                "BOATLNCH": "Yes",
                "MARINA": "No",
                "FOOD_DRINK": "No",
                "RESTRM": "No",
                "H_C": "No",
                "SHORELINE": "River",
                "ACCESS_TYP": "Beach, Fishing, Boat",
                "SOURCE_DATE": 1452247200000,
                "COUNTY_LAB": "Monmouth County",
                "MUN_LABEL": "Brielle Borough",
                "COMMENTS": "Two individual spots (both have clear signage); Non-motorized watercraft only; small unprotected beach area",
                "REVIEW_TYPE": "Public",
                "GLOBALID": "{13F590D6-84B7-4F22-95D0-2BD0D2508DD4}"
            },
            "geometry": {
                "type": "Point",
                "coordinates": [
                    -74.070363,
                    40.094944
                ]
            }
        },
        {
            "type": "Feature",
            "id": 18380,
            "properties": {
                "OBJECTID": 18380,
                "PA_ID": "TRT10115",
                "ID_SIGN": "Yes",
                "PARKING": "No",
                "STREET": "5th Avenue",
                "CROSS_ST": "Ocean Ter",
                "BADGE": "Yes",
                "SWIMMING": "Yes",
                "FISHING": "Yes",
                "SURFING": "Yes",
                "PLAYGRD": "No",
                "PARK": "No",
                "PIER": "No",
                "BOATLNCH": "Yes",
                "MARINA": "No",
                "FOOD_DRINK": "No",
                "RESTRM": "No",
                "H_C": "No",
                "SHORELINE": "Ocean",
                "ACCESS_TYP": "Beach, Fishing, Boat",
                "SOURCE_DATE": 1456221600000,
                "COUNTY_LAB": "Ocean County",
                "MUN_LABEL": "Toms River Township",
                "COMMENTS": "Non motorized boat launch off hours. Bike parking available. See municipal website for more details.",
                "REVIEW_TYPE": "Public",
                "GLOBALID": "{8E621268-362A-4140-AB2A-950ADF51D291}"
            },
            "geometry": {
                "type": "Point",
                "coordinates": [
                    -74.059529,
                    40.001045
                ]
            }
        },
        {
            "type": "Feature",
            "id": 18381,
            "properties": {
                "OBJECTID": 18381,
                "PA_ID": "TRT10215",
                "ID_SIGN": "Yes",
                "PARKING": "No",
                "STREET": "4th St",
                "CROSS_ST": "Ocean Terr",
                "BADGE": "Yes",
                "SWIMMING": "Yes",
                "FISHING": "Yes",
                "SURFING": "Yes",
                "PLAYGRD": "No",
                "PARK": "No",
                "PIER": "No",
                "BOATLNCH": "Yes",
                "MARINA": "No",
                "FOOD_DRINK": "No",
                "RESTRM": "No",
                "H_C": "Yes",
                "SHORELINE": "Ocean",
                "ACCESS_TYP": "Beach, Fishing, Boat",
                "SOURCE_DATE": 1456221600000,
                "COUNTY_LAB": "Ocean County",
                "MUN_LABEL": "Toms River Township",
                "COMMENTS": "Motorized boat launch off hours. See municipal website for more details.",
                "REVIEW_TYPE": "Public",
                "GLOBALID": "{BEADC544-C26C-4BD5-B99F-7B891938F189}"
            },
            "geometry": {
                "type": "Point",
                "coordinates": [
                    -74.059679,
                    40.000371
                ]
            }
        },
        {
            "type": "Feature",
            "id": 18382,
            "properties": {
                "OBJECTID": 18382,
                "PA_ID": "TRT10315",
                "ID_SIGN": "Yes",
                "PARKING": "No",
                "STREET": "3rd Ave",
                "CROSS_ST": "Ocean Terr",
                "BADGE": "Yes",
                "SWIMMING": "Yes",
                "FISHING": "Yes",
                "SURFING": "Yes",
                "PLAYGRD": "No",
                "PARK": "No",
                "PIER": "No",
                "BOATLNCH": "Yes",
                "MARINA": "No",
                "FOOD_DRINK": "No",
                "RESTRM": "No",
                "H_C": "Yes",
                "SHORELINE": "Ocean",
                "ACCESS_TYP": "Beach, Fishing, Boat",
                "SOURCE_DATE": 1456221600000,
                "COUNTY_LAB": "Ocean County",
                "MUN_LABEL": "Toms River Township",
                "COMMENTS": "NON MOTORIZED BOAT LAUNCH OFF HOURS. See municipal website for more details.",
                "REVIEW_TYPE": "Public",
                "GLOBALID": "{716D2CA7-5CFE-4042-B387-1C2B9B39E9E9}"
            },
            "geometry": {
                "type": "Point",
                "coordinates": [
                    -74.059872,
                    39.999664
                ]
            }
        },
        {
            "type": "Feature",
            "id": 18495,
            "properties": {
                "OBJECTID": 18495,
                "PA_ID": "TRT05615",
                "ID_SIGN": "Yes",
                "PARKING": "Lot",
                "STREET": "Brandon Rd",
                "CROSS_ST": "-",
                "BADGE": "No",
                "SWIMMING": "No",
                "FISHING": "Yes",
                "SURFING": "NA",
                "PLAYGRD": "No",
                "PARK": "Yes",
                "PIER": "No",
                "BOATLNCH": "Yes",
                "MARINA": "No",
                "FOOD_DRINK": "No",
                "RESTRM": "No",
                "H_C": "No",
                "SHORELINE": "Bay",
                "ACCESS_TYP": "Fishing",
                "SOURCE_DATE": 1457690400000,
                "COUNTY_LAB": "Ocean County",
                "MUN_LABEL": "Toms River Township",
                "COMMENTS": "Cattus Island; boat ramp for official use only. See municipal website for more details.",
                "REVIEW_TYPE": "Public",
                "GLOBALID": "{072E83C2-AC4C-4962-8AFD-B9C6950CB39A}"
            },
            "geometry": {
                "type": "Point",
                "coordinates": [
                    -74.135682,
                    39.989539
                ]
            }
        },
        {
            "type": "Feature",
            "id": 18529,
            "properties": {
                "OBJECTID": 18529,
                "PA_ID": "TRT25315",
                "ID_SIGN": "Yes",
                "PARKING": "No",
                "STREET": "Riverside Dr",
                "CROSS_ST": "Garfield Ave",
                "BADGE": "No",
                "SWIMMING": "No",
                "FISHING": "Yes",
                "SURFING": "NA",
                "PLAYGRD": "No",
                "PARK": "No",
                "PIER": "No",
                "BOATLNCH": "Yes",
                "MARINA": "No",
                "FOOD_DRINK": "No",
                "RESTRM": "No",
                "H_C": "No",
                "SHORELINE": "Bay/River",
                "ACCESS_TYP": "Beach, Fishing, Boat",
                "SOURCE_DATE": 1457743502000,
                "COUNTY_LAB": "Ocean County",
                "MUN_LABEL": "Toms River Township",
                "COMMENTS": "Boat ramp is open seasonally; see municipal website for more details.",
                "REVIEW_TYPE": "Public",
                "GLOBALID": "{EC298BDF-9908-4F7E-B767-2FE50FC47415}"
            },
            "geometry": {
                "type": "Point",
                "coordinates": [
                    -74.131814,
                    39.943541
                ]
            }
        },
        {
            "type": "Feature",
            "id": 20195,
            "properties": {
                "OBJECTID": 20195,
                "PA_ID": "SPB06816",
                "ID_SIGN": "Yes",
                "PARKING": "Lot",
                "STREET": "S Bayview Ave",
                "CROSS_ST": "None",
                "BADGE": "No",
                "SWIMMING": "No",
                "FISHING": "Yes",
                "SURFING": "NA",
                "PLAYGRD": "No",
                "PARK": "No",
                "PIER": "Yes",
                "BOATLNCH": "Yes",
                "MARINA": "No",
                "FOOD_DRINK": "No",
                "RESTRM": "No",
                "H_C": "Yes",
                "SHORELINE": "Bay",
                "ACCESS_TYP": "Fishing, Boat",
                "SOURCE_DATE": 1479186000000,
                "COUNTY_LAB": "Ocean County",
                "MUN_LABEL": "Seaside Park Borough",
                "COMMENTS": "Benches, Gazebo",
                "REVIEW_TYPE": "Public",
                "GLOBALID": "{736BC8E9-8457-470E-860F-6DBC91E324B7}"
            },
            "geometry": {
                "type": "Point",
                "coordinates": [
                    -74.085195,
                    39.914006
                ]
            }
        },
        {
            "type": "Feature",
            "id": 17133,
            "properties": {
                "OBJECTID": 17133,
                "PA_ID": "BAYC02315",
                "ID_SIGN": "Yes",
                "PARKING": "Lot",
                "STREET": "W 16Th St",
                "CROSS_ST": "Avenue A",
                "BADGE": "No",
                "SWIMMING": "No",
                "FISHING": "Yes",
                "SURFING": "NA",
                "PLAYGRD": "Yes",
                "PARK": "Yes",
                "PIER": "Yes",
                "BOATLNCH": "Yes",
                "MARINA": "No",
                "FOOD_DRINK": "No",
                "RESTRM": "Yes",
                "H_C": "Yes",
                "SHORELINE": "Bay",
                "ACCESS_TYP": "Fishing, Boat",
                "SOURCE_DATE": 1469473720000,
                "COUNTY_LAB": "Hudson County",
                "MUN_LABEL": "Bayonne City",
                "COMMENTS": "16th Street Park",
                "REVIEW_TYPE": "Public",
                "GLOBALID": "{2AD7CE5B-C0BA-4084-81FC-B88FA9BA54FA}"
            },
            "geometry": {
                "type": "Point",
                "coordinates": [
                    -74.13162,
                    40.662504
                ]
            }
        },
        {
            "type": "Feature",
            "id": 17160,
            "properties": {
                "OBJECTID": 17160,
                "PA_ID": "JC02115",
                "ID_SIGN": "Yes",
                "PARKING": "Lot",
                "STREET": "Audrey Zapp Dr",
                "CROSS_ST": null,
                "BADGE": "No",
                "SWIMMING": "No",
                "FISHING": "No",
                "SURFING": "NA",
                "PLAYGRD": "No",
                "PARK": "No",
                "PIER": "No",
                "BOATLNCH": "No",
                "MARINA": "Yes",
                "FOOD_DRINK": "Yes",
                "RESTRM": "Yes",
                "H_C": "Yes",
                "SHORELINE": "River",
                "ACCESS_TYP": "Visual",
                "SOURCE_DATE": 1466801143000,
                "COUNTY_LAB": "Hudson County",
                "MUN_LABEL": "Jersey City",
                "COMMENTS": "Private marina on Hudson River Walkway.",
                "REVIEW_TYPE": "Public",
                "GLOBALID": "{DEDEC25D-EDF9-4968-8FCF-34F8C0320B1D}"
            },
            "geometry": {
                "type": "Point",
                "coordinates": [
                    -74.040813,
                    40.709336
                ]
            }
        },
        {
            "type": "Feature",
            "id": 17849,
            "properties": {
                "OBJECTID": 17849,
                "PA_ID": "BEAB00215",
                "ID_SIGN": "No",
                "PARKING": "Lot",
                "STREET": "Compass Ave",
                "CROSS_ST": "-",
                "BADGE": "No",
                "SWIMMING": "No",
                "FISHING": "Yes",
                "SURFING": "No",
                "PLAYGRD": "No",
                "PARK": "No",
                "PIER": "Yes",
                "BOATLNCH": "No",
                "MARINA": "Yes",
                "FOOD_DRINK": "No",
                "RESTRM": "No",
                "H_C": "Yes",
                "SHORELINE": "River",
                "ACCESS_TYP": "Fishing",
                "SOURCE_DATE": 1455876000000,
                "COUNTY_LAB": "Ocean County",
                "MUN_LABEL": "Beachwood Borough",
                "COMMENTS": "Boardwalk with benches and trash receptacles; Beachwood Community Center.",
                "REVIEW_TYPE": "Public",
                "GLOBALID": "{B83B7219-C79A-466F-BF42-B8BB0E703C56}"
            },
            "geometry": {
                "type": "Point",
                "coordinates": [
                    -74.188539,
                    39.94292
                ]
            }
        },
        {
            "type": "Feature",
            "id": 20238,
            "properties": {
                "OBJECTID": 20238,
                "PA_ID": "STR00317",
                "ID_SIGN": "No",
                "PARKING": "Lot",
                "STREET": "Crabbe Rd",
                "CROSS_ST": "None",
                "BADGE": "No",
                "SWIMMING": "No",
                "FISHING": "Yes",
                "SURFING": "No",
                "PLAYGRD": "No",
                "PARK": "Yes",
                "PIER": "Yes",
                "BOATLNCH": "No",
                "MARINA": "Yes",
                "FOOD_DRINK": "No",
                "RESTRM": "No",
                "H_C": "Yes",
                "SHORELINE": "River",
                "ACCESS_TYP": "Beach, Fishing",
                "SOURCE_DATE": 1487739600000,
                "COUNTY_LAB": "Ocean County",
                "MUN_LABEL": "South Toms River Borough",
                "COMMENTS": "Trash Cans, Kayak Launch, Private Marina",
                "REVIEW_TYPE": "Public",
                "GLOBALID": "{A041D0B1-04A2-4B28-B491-10E67AAE48B0}"
            },
            "geometry": {
                "type": "Point",
                "coordinates": [
                    -74.190752,
                    39.946948
                ]
            }
        },
        {
            "type": "Feature",
            "id": 17047,
            "properties": {
                "OBJECTID": 17047,
                "PA_ID": "SAB01015",
                "ID_SIGN": "Yes",
                "PARKING": "Lot",
                "STREET": "Major Dr",
                "CROSS_ST": "-",
                "BADGE": "No",
                "SWIMMING": "No",
                "FISHING": "Yes",
                "SURFING": "NA",
                "PLAYGRD": "Yes",
                "PARK": "Yes",
                "PIER": "No",
                "BOATLNCH": "Yes",
                "MARINA": "No",
                "FOOD_DRINK": "No",
                "RESTRM": "No",
                "H_C": "Yes",
                "SHORELINE": "River",
                "ACCESS_TYP": "Fishing, Boat",
                "SOURCE_DATE": 1458288000000,
                "COUNTY_LAB": "Middlesex County",
                "MUN_LABEL": "Sayreville Borough",
                "COMMENTS": "Ken Buchanan Riverfront Park with boat launch, pavilion, and trash receptacles. Boat ramp by permit only; see municipal website for more details.",
                "REVIEW_TYPE": "Public",
                "GLOBALID": "{FA70A7CF-1886-438B-A1B5-0EEB987D43B6}"
            },
            "geometry": {
                "type": "Point",
                "coordinates": [
                    -74.356406,
                    40.47292
                ]
            }
        },
        {
            "type": "Feature",
            "id": 17053,
            "properties": {
                "OBJECTID": 17053,
                "PA_ID": "NBC00315",
                "ID_SIGN": "Yes",
                "PARKING": "Lot",
                "STREET": "Voorhees St",
                "CROSS_ST": "-",
                "BADGE": "No",
                "SWIMMING": "No",
                "FISHING": "No",
                "SURFING": "NA",
                "PLAYGRD": "No",
                "PARK": "No",
                "PIER": "Yes",
                "BOATLNCH": "Yes",
                "MARINA": "Yes",
                "FOOD_DRINK": "No",
                "RESTRM": "Yes",
                "H_C": "Yes",
                "SHORELINE": "River",
                "ACCESS_TYP": "Visual",
                "SOURCE_DATE": 1458288000000,
                "COUNTY_LAB": "Middlesex County",
                "MUN_LABEL": "New Brunswick City",
                "COMMENTS": "Small pocket park on the Raritan River with walkway, benches, and pavilions; see municipal website for more details.",
                "REVIEW_TYPE": "Public",
                "GLOBALID": "{21581585-531A-4D7E-A1CD-F7CB5B8F9277}"
            },
            "geometry": {
                "type": "Point",
                "coordinates": [
                    -74.432811,
                    40.487576
                ]
            }
        },
        {
            "type": "Feature",
            "id": 17054,
            "properties": {
                "OBJECTID": 17054,
                "PA_ID": "EDT00115",
                "ID_SIGN": "Yes",
                "PARKING": "Lot",
                "STREET": "Meadow Rd",
                "CROSS_ST": "-",
                "BADGE": "No",
                "SWIMMING": "No",
                "FISHING": "Yes",
                "SURFING": "NA",
                "PLAYGRD": "No",
                "PARK": "Yes",
                "PIER": "No",
                "BOATLNCH": "Yes",
                "MARINA": "No",
                "FOOD_DRINK": "No",
                "RESTRM": "No",
                "H_C": "Yes",
                "SHORELINE": "River",
                "ACCESS_TYP": "Fishing, Boat",
                "SOURCE_DATE": 1458333534000,
                "COUNTY_LAB": "Middlesex County",
                "MUN_LABEL": "Edison Township",
                "COMMENTS": "Edison Boat Basin and River Walk with trails, pavilion and boat launch. See municipal website for more details.",
                "REVIEW_TYPE": "Public",
                "GLOBALID": "{86AAFBDE-7A33-4726-9258-F0CA96F1E97C}"
            },
            "geometry": {
                "type": "Point",
                "coordinates": [
                    -74.383032,
                    40.487952
                ]
            }
        },
        {
            "type": "Feature",
            "id": 17055,
            "properties": {
                "OBJECTID": 17055,
                "PA_ID": "HPB00115",
                "ID_SIGN": "Yes",
                "PARKING": "Lot",
                "STREET": "Donaldson Rd",
                "CROSS_ST": "None",
                "BADGE": "No",
                "SWIMMING": "No",
                "FISHING": "Yes",
                "SURFING": "NA",
                "PLAYGRD": "Yes",
                "PARK": "Yes",
                "PIER": "No",
                "BOATLNCH": "Yes",
                "MARINA": "No",
                "FOOD_DRINK": "No",
                "RESTRM": "Yes",
                "H_C": "Yes",
                "SHORELINE": "River",
                "ACCESS_TYP": "Fishing, Boat",
                "SOURCE_DATE": 1454375830000,
                "COUNTY_LAB": "Middlesex County",
                "MUN_LABEL": "Highland Park Borough",
                "COMMENTS": "Dog Park, Baseball Fields, Tennis Courts, Basketball Courts, Soccer Fields, Paved Walkways.",
                "REVIEW_TYPE": "Public",
                "GLOBALID": "{71819E3B-8950-40B6-8D10-44793B84CCE9}"
            },
            "geometry": {
                "type": "Point",
                "coordinates": [
                    -74.423949,
                    40.489752
                ]
            }
        },
        {
            "type": "Feature",
            "id": 17117,
            "properties": {
                "OBJECTID": 17117,
                "PA_ID": "EC00615",
                "ID_SIGN": "Yes",
                "PARKING": "Lot",
                "STREET": "Fulton St",
                "CROSS_ST": "Front St",
                "BADGE": "No",
                "SWIMMING": "No",
                "FISHING": "Yes",
                "SURFING": "NA",
                "PLAYGRD": "No",
                "PARK": "No",
                "PIER": "Yes",
                "BOATLNCH": "Yes",
                "MARINA": "Yes",
                "FOOD_DRINK": "No",
                "RESTRM": "No",
                "H_C": "Yes",
                "SHORELINE": "River",
                "ACCESS_TYP": "Boat",
                "SOURCE_DATE": 1460493117000,
                "COUNTY_LAB": "Union County",
                "MUN_LABEL": "Elizabeth City",
                "COMMENTS": " ",
                "REVIEW_TYPE": "Public",
                "GLOBALID": "{026D7BAF-670B-4C2C-925A-7CAB458B3EF9}"
            },
            "geometry": {
                "type": "Point",
                "coordinates": [
                    -74.18746,
                    40.646492
                ]
            }
        },
        {
            "type": "Feature",
            "id": 16443,
            "properties": {
                "OBJECTID": 16443,
                "PA_ID": "BURC01715",
                "ID_SIGN": "Yes",
                "PARKING": "Lot",
                "STREET": "E Pearl St",
                "CROSS_ST": "Tatham St",
                "BADGE": "No",
                "SWIMMING": "No",
                "FISHING": "Yes",
                "SURFING": "No",
                "PLAYGRD": "Yes",
                "PARK": "Yes",
                "PIER": "No",
                "BOATLNCH": "Yes",
                "MARINA": "No",
                "FOOD_DRINK": "No",
                "RESTRM": "No",
                "H_C": "Yes",
                "SHORELINE": "River",
                "ACCESS_TYP": "Fishing, Boat",
                "SOURCE_DATE": 1452632530000,
                "COUNTY_LAB": "Burlington County",
                "MUN_LABEL": "Burlington City",
                "COMMENTS": " Trash cans, shares basketball court",
                "REVIEW_TYPE": "Public",
                "GLOBALID": "{33DBD56F-1FCD-4CA9-A641-0DB907D30529}"
            },
            "geometry": {
                "type": "Point",
                "coordinates": [
                    -74.850006,
                    40.081239
                ]
            }
        },
        {
            "type": "Feature",
            "id": 16452,
            "properties": {
                "OBJECTID": 16452,
                "PA_ID": "FLT01415",
                "ID_SIGN": "Yes",
                "PARKING": "Lot",
                "STREET": "Broad St",
                "CROSS_ST": "E Front St",
                "BADGE": "No",
                "SWIMMING": "No",
                "FISHING": "No",
                "SURFING": "NA",
                "PLAYGRD": "No",
                "PARK": "Yes",
                "PIER": "Yes",
                "BOATLNCH": "Yes",
                "MARINA": "No",
                "FOOD_DRINK": "No",
                "RESTRM": "No",
                "H_C": "Yes",
                "SHORELINE": "River",
                "ACCESS_TYP": "Boat",
                "SOURCE_DATE": 1452898621000,
                "COUNTY_LAB": "Burlington County",
                "MUN_LABEL": "Florence Township",
                "COMMENTS": " Gazebo, benches, garbage cans.",
                "REVIEW_TYPE": "Public",
                "GLOBALID": "{E762FD4E-F83E-4BB9-A97D-318A8C6AE6A1}"
            },
            "geometry": {
                "type": "Point",
                "coordinates": [
                    -74.8041,
                    40.122299
                ]
            }
        },
        {
            "type": "Feature",
            "id": 16462,
            "properties": {
                "OBJECTID": 16462,
                "PA_ID": "BORC00715",
                "ID_SIGN": "Yes",
                "PARKING": "Lot",
                "STREET": "W Park St",
                "CROSS_ST": "Prince St",
                "BADGE": "No",
                "SWIMMING": "No",
                "FISHING": "Yes",
                "SURFING": "NA",
                "PLAYGRD": "No",
                "PARK": "Yes",
                "PIER": "No",
                "BOATLNCH": "Yes",
                "MARINA": "No",
                "FOOD_DRINK": "No",
                "RESTRM": "No",
                "H_C": "Yes",
                "SHORELINE": "River",
                "ACCESS_TYP": "Fishing, Boat",
                "SOURCE_DATE": 1452816473000,
                "COUNTY_LAB": "Burlington County",
                "MUN_LABEL": "Bordentown City",
                "COMMENTS": " Benches, garbage cans, picnic tables, gazebo, dog waste bags. Next to Bordentown NJ transit station.",
                "REVIEW_TYPE": "Public",
                "GLOBALID": "{E23FA359-8FF0-40FD-B15E-B8D5F6BA6A89}"
            },
            "geometry": {
                "type": "Point",
                "coordinates": [
                    -74.717925,
                    40.147913
                ]
            }
        },
        {
            "type": "Feature",
            "id": 16702,
            "properties": {
                "OBJECTID": 16702,
                "PA_ID": "HAIT00715",
                "ID_SIGN": "Yes",
                "PARKING": "Lot",
                "STREET": "Walnut Ave",
                "CROSS_ST": null,
                "BADGE": "No",
                "SWIMMING": "No",
                "FISHING": "Yes",
                "SURFING": "NA",
                "PLAYGRD": "Yes",
                "PARK": "Yes",
                "PIER": "No",
                "BOATLNCH": "Yes",
                "MARINA": "No",
                "FOOD_DRINK": "No",
                "RESTRM": "No",
                "H_C": "Yes",
                "SHORELINE": "River",
                "ACCESS_TYP": "Fishing, Boat",
                "SOURCE_DATE": 1462572083000,
                "COUNTY_LAB": "Burlington County",
                "MUN_LABEL": "Hainesport Township",
                "COMMENTS": "Volleyball, basketball, trash, recycling, benches",
                "REVIEW_TYPE": "Public",
                "GLOBALID": "{84272B40-D9D7-422E-B356-16A649A95213}"
            },
            "geometry": {
                "type": "Point",
                "coordinates": [
                    -74.843648,
                    39.984723
                ]
            }
        },
        {
            "type": "Feature",
            "id": 16414,
            "properties": {
                "OBJECTID": 16414,
                "PA_ID": "DELC01315",
                "ID_SIGN": "No",
                "PARKING": "Street",
                "STREET": "Delaware Ave",
                "CROSS_ST": "Union Ave",
                "BADGE": "No",
                "SWIMMING": "No",
                "FISHING": "Yes",
                "SURFING": "No",
                "PLAYGRD": "No",
                "PARK": "Yes",
                "PIER": "No",
                "BOATLNCH": "Yes",
                "MARINA": "No",
                "FOOD_DRINK": "No",
                "RESTRM": "No",
                "H_C": "No",
                "SHORELINE": "River",
                "ACCESS_TYP": "Visual, Fishing",
                "SOURCE_DATE": 1452641541000,
                "COUNTY_LAB": "Burlington County",
                "MUN_LABEL": "Delanco Township",
                "COMMENTS": "gate to boat ramp locked, picnic tables",
                "REVIEW_TYPE": "Public",
                "GLOBALID": "{959B4DBF-D010-4DCA-8EDD-5DBDAB81CB67}"
            },
            "geometry": {
                "type": "Point",
                "coordinates": [
                    -74.958962,
                    40.051451
                ]
            }
        },
        {
            "type": "Feature",
            "id": 16672,
            "properties": {
                "OBJECTID": 16672,
                "PA_ID": "CAC02115",
                "ID_SIGN": "Yes",
                "PARKING": "Lot",
                "STREET": "Riverside Dr",
                "CROSS_ST": null,
                "BADGE": "No",
                "SWIMMING": "No",
                "FISHING": "Yes",
                "SURFING": "NA",
                "PLAYGRD": "No",
                "PARK": "Yes",
                "PIER": "No",
                "BOATLNCH": "No",
                "MARINA": "Yes",
                "FOOD_DRINK": "No",
                "RESTRM": "Yes",
                "H_C": "Yes",
                "SHORELINE": "River",
                "ACCESS_TYP": "Visual, Fishing",
                "SOURCE_DATE": 1469563850000,
                "COUNTY_LAB": "Camden County",
                "MUN_LABEL": "Camden City",
                "COMMENTS": " Dr. Ulysses S. Wiggins Waterfront Park, Benches, Philadelphia view, NJ Battleship view",
                "REVIEW_TYPE": "Public",
                "GLOBALID": "{DA311760-3F49-4C92-8850-D3A91CFC86D0}"
            },
            "geometry": {
                "type": "Point",
                "coordinates": [
                    -75.131701,
                    39.941388
                ]
            }
        },
        {
            "type": "Feature",
            "id": 16699,
            "properties": {
                "OBJECTID": 16699,
                "PA_ID": "PET01915",
                "ID_SIGN": "Yes",
                "PARKING": "Lot",
                "STREET": "Derousse Ave",
                "CROSS_ST": "Adams Ave",
                "BADGE": "No",
                "SWIMMING": "No",
                "FISHING": "Yes",
                "SURFING": "NA",
                "PLAYGRD": "No",
                "PARK": "No",
                "PIER": "No",
                "BOATLNCH": "Yes",
                "MARINA": "No",
                "FOOD_DRINK": "No",
                "RESTRM": "No",
                "H_C": "Yes",
                "SHORELINE": "River",
                "ACCESS_TYP": "Boat",
                "SOURCE_DATE": 1472160099000,
                "COUNTY_LAB": "Camden County",
                "MUN_LABEL": "Pennsauken Township",
                "COMMENTS": " ",
                "REVIEW_TYPE": "Public",
                "GLOBALID": "{21B108FA-D393-44A8-91D1-55B2D9A8F9DA}"
            },
            "geometry": {
                "type": "Point",
                "coordinates": [
                    -75.066023,
                    39.980921
                ]
            }
        },
        {
            "type": "Feature",
            "id": 16995,
            "properties": {
                "OBJECTID": 16995,
                "PA_ID": "GAT02715",
                "ID_SIGN": "Yes",
                "PARKING": "Lot",
                "STREET": "North New York Road",
                "CROSS_ST": null,
                "BADGE": "No",
                "SWIMMING": "No",
                "FISHING": "Yes",
                "SURFING": "No",
                "PLAYGRD": "No",
                "PARK": "No",
                "PIER": "No",
                "BOATLNCH": "Yes",
                "MARINA": "No",
                "FOOD_DRINK": "No",
                "RESTRM": "No",
                "H_C": "No",
                "SHORELINE": "Bay",
                "ACCESS_TYP": "Fishing, Boat",
                "SOURCE_DATE": 1475781628000,
                "COUNTY_LAB": "Atlantic County",
                "MUN_LABEL": "Galloway Township",
                "COMMENTS": " Nacote Creek Research Station",
                "REVIEW_TYPE": "Public",
                "GLOBALID": "{687E93DF-7D7D-4C5D-A70D-B0129F875A0B}"
            },
            "geometry": {
                "type": "Point",
                "coordinates": [
                    -74.461568,
                    39.529318
                ]
            }
        },
        {
            "type": "Feature",
            "id": 17543,
            "properties": {
                "OBJECTID": 17543,
                "PA_ID": "LEHT03015",
                "ID_SIGN": "Yes",
                "PARKING": "Lot",
                "STREET": "Dock St",
                "CROSS_ST": "-",
                "BADGE": "No",
                "SWIMMING": "No",
                "FISHING": "Yes",
                "SURFING": "No",
                "PLAYGRD": "Yes",
                "PARK": "Yes",
                "PIER": "No",
                "BOATLNCH": "Yes",
                "MARINA": "No",
                "FOOD_DRINK": "No",
                "RESTRM": "Yes",
                "H_C": "Yes",
                "SHORELINE": "Bay",
                "ACCESS_TYP": "Visual, Fishing",
                "SOURCE_DATE": 1440187028000,
                "COUNTY_LAB": "Ocean County",
                "MUN_LABEL": "Little Egg Harbor Township",
                "COMMENTS": "Boat docks, Gazebo, benches, dog friendly, trash cans. See municipal website for more details.",
                "REVIEW_TYPE": "Public",
                "GLOBALID": "{DE9E72AB-0BF3-4C4D-A7B1-7A68762B6207}"
            },
            "geometry": {
                "type": "Point",
                "coordinates": [
                    -74.293116,
                    39.609832
                ]
            }
        },
        {
            "type": "Feature",
            "id": 17594,
            "properties": {
                "OBJECTID": 17594,
                "PA_ID": "ET00415",
                "ID_SIGN": "Yes",
                "PARKING": "Lot",
                "STREET": "Dock Road",
                "CROSS_ST": " ",
                "BADGE": "No",
                "SWIMMING": "No",
                "FISHING": "No",
                "SURFING": "No",
                "PLAYGRD": "No",
                "PARK": "No",
                "PIER": "No",
                "BOATLNCH": "Yes",
                "MARINA": "No",
                "FOOD_DRINK": "No",
                "RESTRM": "No",
                "H_C": "No",
                "SHORELINE": "River",
                "ACCESS_TYP": "Boat",
                "SOURCE_DATE": 1447408800000,
                "COUNTY_LAB": "Ocean County",
                "MUN_LABEL": "Eagleswood Township",
                "COMMENTS": "Boat Ramp; No fishing/crabbing",
                "REVIEW_TYPE": "Public",
                "GLOBALID": "{4A7E2E61-14F7-46FE-8EC3-65BE7F6BEE18}"
            },
            "geometry": {
                "type": "Point",
                "coordinates": [
                    -74.296112,
                    39.631096
                ]
            }
        },
        {
            "type": "Feature",
            "id": 17703,
            "properties": {
                "OBJECTID": 17703,
                "PA_ID": "OT02615",
                "ID_SIGN": "Yes",
                "PARKING": "Street",
                "STREET": "Poplar St",
                "CROSS_ST": "Bay Pky",
                "BADGE": "No",
                "SWIMMING": "No",
                "FISHING": "Yes",
                "SURFING": "NA",
                "PLAYGRD": "No",
                "PARK": "No",
                "PIER": "No",
                "BOATLNCH": "Yes",
                "MARINA": "No",
                "FOOD_DRINK": "No",
                "RESTRM": "No",
                "H_C": "No",
                "SHORELINE": "Bay",
                "ACCESS_TYP": "Fishing, Boat",
                "SOURCE_DATE": 1454580000000,
                "COUNTY_LAB": "Ocean County",
                "MUN_LABEL": "Ocean Township",
                "COMMENTS": "See municipal website for more details.",
                "REVIEW_TYPE": "Public",
                "GLOBALID": "{7DF93A71-EB9C-48A5-B0B0-07C8ABCCC540}"
            },
            "geometry": {
                "type": "Point",
                "coordinates": [
                    -74.19042,
                    39.809285
                ]
            }
        },
        {
            "type": "Feature",
            "id": 17931,
            "properties": {
                "OBJECTID": 17931,
                "PA_ID": "SBB03616",
                "ID_SIGN": "No",
                "PARKING": "Lot",
                "STREET": "Shore Ave",
                "CROSS_ST": "W. 10th St",
                "BADGE": "No",
                "SWIMMING": "No",
                "FISHING": "Yes",
                "SURFING": "NA",
                "PLAYGRD": "Yes",
                "PARK": "Yes",
                "PIER": "No",
                "BOATLNCH": "Yes",
                "MARINA": "No",
                "FOOD_DRINK": "No",
                "RESTRM": "Yes",
                "H_C": "Yes",
                "SHORELINE": "Bay",
                "ACCESS_TYP": "Beach, Fishing",
                "SOURCE_DATE": 1453456800000,
                "COUNTY_LAB": "Ocean County",
                "MUN_LABEL": "Ship Bottom Borough",
                "COMMENTS": "Gazebo; benches; double boat ramp; walk/bike path; trash/recycle;",
                "REVIEW_TYPE": "Public",
                "GLOBALID": "{6CD32560-8DED-45B7-890E-4A6D8DE34169}"
            },
            "geometry": {
                "type": "Point",
                "coordinates": [
                    -74.184811,
                    39.652315
                ]
            }
        },
        {
            "type": "Feature",
            "id": 17954,
            "properties": {
                "OBJECTID": 17954,
                "PA_ID": "BERT01015",
                "ID_SIGN": "No",
                "PARKING": "No",
                "STREET": "South Bayview Avenue",
                "CROSS_ST": "23rd Avenue",
                "BADGE": "No",
                "SWIMMING": "No",
                "FISHING": "Yes",
                "SURFING": "NA",
                "PLAYGRD": "No",
                "PARK": "No",
                "PIER": "No",
                "BOATLNCH": "No",
                "MARINA": "Yes",
                "FOOD_DRINK": "No",
                "RESTRM": "No",
                "H_C": "No",
                "SHORELINE": "Bay",
                "ACCESS_TYP": "Visual, Fishing",
                "SOURCE_DATE": 1447408800000,
                "COUNTY_LAB": "Ocean County",
                "MUN_LABEL": "Berkeley Township",
                "COMMENTS": "Currently under construction; marina for small boats only; see municipal website for details",
                "REVIEW_TYPE": "Public",
                "GLOBALID": "{8F3839FC-D04F-49A0-9F43-0B79B61D9172}"
            },
            "geometry": {
                "type": "Point",
                "coordinates": [
                    -74.086402,
                    39.906979
                ]
            }
        },
        {
            "type": "Feature",
            "id": 17956,
            "properties": {
                "OBJECTID": 17956,
                "PA_ID": "BERT01115",
                "ID_SIGN": "No",
                "PARKING": "No",
                "STREET": "South Bayview Avenue",
                "CROSS_ST": "22nd Avenue",
                "BADGE": "No",
                "SWIMMING": "No",
                "FISHING": "Yes",
                "SURFING": "NA",
                "PLAYGRD": "No",
                "PARK": "No",
                "PIER": "No",
                "BOATLNCH": "No",
                "MARINA": "Yes",
                "FOOD_DRINK": "No",
                "RESTRM": "No",
                "H_C": "No",
                "SHORELINE": "Bay",
                "ACCESS_TYP": "Visual, Fishing",
                "SOURCE_DATE": 1447408800000,
                "COUNTY_LAB": "Ocean County",
                "MUN_LABEL": "Berkeley Township",
                "COMMENTS": "Currently under construction; Marina for small boats only;  see municipal website for details",
                "REVIEW_TYPE": "Public",
                "GLOBALID": "{C8B4C62E-24A2-4817-9ECA-4B831CB40978}"
            },
            "geometry": {
                "type": "Point",
                "coordinates": [
                    -74.085906,
                    39.907675
                ]
            }
        },
        {
            "type": "Feature",
            "id": 18104,
            "properties": {
                "OBJECTID": 18104,
                "PA_ID": "AC06315",
                "ID_SIGN": "Yes",
                "PARKING": "Lot",
                "STREET": "Huron Ave",
                "CROSS_ST": " ",
                "BADGE": "No",
                "SWIMMING": "No",
                "FISHING": "Yes",
                "SURFING": "NA",
                "PLAYGRD": "No",
                "PARK": "No",
                "PIER": "No",
                "BOATLNCH": "No",
                "MARINA": "Yes",
                "FOOD_DRINK": "No",
                "RESTRM": "No",
                "H_C": "Yes",
                "SHORELINE": "Bay",
                "ACCESS_TYP": "Fishing, Boat",
                "SOURCE_DATE": 1453888800000,
                "COUNTY_LAB": "Atlantic County",
                "MUN_LABEL": "Atlantic City",
                "COMMENTS": "NJDEP Marina",
                "REVIEW_TYPE": "Public",
                "GLOBALID": "{4F8E6FC2-4A4F-472F-9162-06F5A405E189}"
            },
            "geometry": {
                "type": "Point",
                "coordinates": [
                    -74.427167,
                    39.378584
                ]
            }
        },
        {
            "type": "Feature",
            "id": 18110,
            "properties": {
                "OBJECTID": 18110,
                "PA_ID": "PVC00715",
                "ID_SIGN": "Yes",
                "PARKING": "Street",
                "STREET": "E Bayview Ave",
                "CROSS_ST": "-",
                "BADGE": "No",
                "SWIMMING": "No",
                "FISHING": "Yes",
                "SURFING": "NA",
                "PLAYGRD": "No",
                "PARK": "No",
                "PIER": "No",
                "BOATLNCH": "Yes",
                "MARINA": "Yes",
                "FOOD_DRINK": "No",
                "RESTRM": "No",
                "H_C": "No",
                "SHORELINE": "Bay",
                "ACCESS_TYP": "Fishing, Boat",
                "SOURCE_DATE": 1458633600000,
                "COUNTY_LAB": "Atlantic County",
                "MUN_LABEL": "Pleasantville City",
                "COMMENTS": "Use boat launch at own risk; connected to Municipal Yacht Basin. See municipal website for more details.",
                "REVIEW_TYPE": "Public",
                "GLOBALID": "{E9B5DEBE-B11C-49EF-B962-2B4516F628D7}"
            },
            "geometry": {
                "type": "Point",
                "coordinates": [
                    -74.51847,
                    39.383472
                ]
            }
        },
        {
            "type": "Feature",
            "id": 18292,
            "properties": {
                "OBJECTID": 18292,
                "PA_ID": "ABSC01015",
                "ID_SIGN": "Yes",
                "PARKING": "Lot",
                "STREET": "E Faunce Landing Rd",
                "CROSS_ST": " ",
                "BADGE": "No",
                "SWIMMING": "No",
                "FISHING": "Yes",
                "SURFING": "NA",
                "PLAYGRD": "No",
                "PARK": "No",
                "PIER": "No",
                "BOATLNCH": "Yes",
                "MARINA": "No",
                "FOOD_DRINK": "No",
                "RESTRM": "No",
                "H_C": "Yes",
                "SHORELINE": "River",
                "ACCESS_TYP": "Fishing, Boat",
                "SOURCE_DATE": 1454458036000,
                "COUNTY_LAB": "Atlantic County",
                "MUN_LABEL": "Absecon City",
                "COMMENTS": "No fishing or grabbing off of docks; see municipal website for more details.",
                "REVIEW_TYPE": "Public",
                "GLOBALID": "{245C86D0-2115-4165-BA82-CDD748B585A2}"
            },
            "geometry": {
                "type": "Point",
                "coordinates": [
                    -74.486415,
                    39.426225
                ]
            }
        },
        {
            "type": "Feature",
            "id": 18294,
            "properties": {
                "OBJECTID": 18294,
                "PA_ID": "ABSC01315",
                "ID_SIGN": "Yes",
                "PARKING": "Lot",
                "STREET": "E Faunce Landing Rd",
                "CROSS_ST": " ",
                "BADGE": "No",
                "SWIMMING": "No",
                "FISHING": "No",
                "SURFING": "NA",
                "PLAYGRD": "No",
                "PARK": "No",
                "PIER": "No",
                "BOATLNCH": "Yes",
                "MARINA": "Yes",
                "FOOD_DRINK": "Yes",
                "RESTRM": "Yes",
                "H_C": "No",
                "SHORELINE": "River",
                "ACCESS_TYP": "Boat",
                "SOURCE_DATE": 1454458741000,
                "COUNTY_LAB": "Atlantic County",
                "MUN_LABEL": "Absecon City",
                "COMMENTS": " ",
                "REVIEW_TYPE": "Public",
                "GLOBALID": "{FBDC0B1E-5B1C-44C3-8402-FFFAF26C97E8}"
            },
            "geometry": {
                "type": "Point",
                "coordinates": [
                    -74.492165,
                    39.42757
                ]
            }
        },
        {
            "type": "Feature",
            "id": 18320,
            "properties": {
                "OBJECTID": 18320,
                "PA_ID": "GAT01615",
                "ID_SIGN": "Yes",
                "PARKING": "Lot",
                "STREET": "Scotts Landing",
                "CROSS_ST": "-",
                "BADGE": "No",
                "SWIMMING": "No",
                "FISHING": "Yes",
                "SURFING": "NA",
                "PLAYGRD": "No",
                "PARK": "Yes",
                "PIER": "No",
                "BOATLNCH": "Yes",
                "MARINA": "No",
                "FOOD_DRINK": "No",
                "RESTRM": "No",
                "H_C": "No",
                "SHORELINE": "Bay",
                "ACCESS_TYP": "Fishing, Boat",
                "SOURCE_DATE": 1458683609000,
                "COUNTY_LAB": "Atlantic County",
                "MUN_LABEL": "Galloway Township",
                "COMMENTS": "Scotts Landing in Edwin B. Forsythe Wildlife Refuge.",
                "REVIEW_TYPE": "Public",
                "GLOBALID": "{5143F527-97B3-4AAD-8A36-CF96BB78E311}"
            },
            "geometry": {
                "type": "Point",
                "coordinates": [
                    -74.420898,
                    39.493835
                ]
            }
        },
        {
            "type": "Feature",
            "id": 18330,
            "properties": {
                "OBJECTID": 18330,
                "PA_ID": "PRC00315",
                "ID_SIGN": "Yes",
                "PARKING": "Street",
                "STREET": "Park Ave",
                "CROSS_ST": "-",
                "BADGE": "No",
                "SWIMMING": "No",
                "FISHING": "Yes",
                "SURFING": "NA",
                "PLAYGRD": "Yes",
                "PARK": "Yes",
                "PIER": "No",
                "BOATLNCH": "Yes",
                "MARINA": "No",
                "FOOD_DRINK": "No",
                "RESTRM": "No",
                "H_C": "Yes",
                "SHORELINE": "River",
                "ACCESS_TYP": "Beach, Fishing",
                "SOURCE_DATE": 1457570465000,
                "COUNTY_LAB": "Atlantic County",
                "MUN_LABEL": "Port Republic City",
                "COMMENTS": " Harry Bowen Memorial Field with baseball field, beach, swings, basketball court, pavilion and tennis court. See municipal website for more details.",
                "REVIEW_TYPE": "Public",
                "GLOBALID": "{4C18F24E-836C-478B-A0ED-39AD964BB80F}"
            },
            "geometry": {
                "type": "Point",
                "coordinates": [
                    -74.493761,
                    39.51764
                ]
            }
        },
        {
            "type": "Feature",
            "id": 18333,
            "properties": {
                "OBJECTID": 18333,
                "PA_ID": "SCB03116",
                "ID_SIGN": "No",
                "PARKING": "Lot",
                "STREET": "Division Ave",
                "CROSS_ST": "N. Barnegat Ave",
                "BADGE": "No",
                "SWIMMING": "No",
                "FISHING": "Yes",
                "SURFING": "NA",
                "PLAYGRD": "No",
                "PARK": "No",
                "PIER": "No",
                "BOATLNCH": "Yes",
                "MARINA": "Yes",
                "FOOD_DRINK": "No",
                "RESTRM": "No",
                "H_C": "No",
                "SHORELINE": "Bay",
                "ACCESS_TYP": "Fishing, Boat",
                "SOURCE_DATE": 1453456800000,
                "COUNTY_LAB": "Ocean County",
                "MUN_LABEL": "Surf City Borough",
                "COMMENTS": "Benches; basketball court; tennis courts; baseball field",
                "REVIEW_TYPE": "Public",
                "GLOBALID": "{FEA60389-BF0E-41E6-A13D-750D95BBCD28}"
            },
            "geometry": {
                "type": "Point",
                "coordinates": [
                    -74.17694,
                    39.657476
                ]
            }
        },
        {
            "type": "Feature",
            "id": 18353,
            "properties": {
                "OBJECTID": 18353,
                "PA_ID": "HCB04316",
                "ID_SIGN": "Yes",
                "PARKING": "Lot",
                "STREET": "W Salem Ave",
                "CROSS_ST": "None",
                "BADGE": "No",
                "SWIMMING": "No",
                "FISHING": "Yes",
                "SURFING": "NA",
                "PLAYGRD": "Yes",
                "PARK": "Yes",
                "PIER": "Yes",
                "BOATLNCH": "Yes",
                "MARINA": "No",
                "FOOD_DRINK": "No",
                "RESTRM": "Yes",
                "H_C": "Yes",
                "SHORELINE": "Bay",
                "ACCESS_TYP": "Beach, Fishing, Boat",
                "SOURCE_DATE": 1454839200000,
                "COUNTY_LAB": "Ocean County",
                "MUN_LABEL": "Harvey Cedars Borough",
                "COMMENTS": "Sunset Park - Picnic tables, softball field, pavilion, basketball court, tennis, playground",
                "REVIEW_TYPE": "Public",
                "GLOBALID": "{7A5D1BF6-5A69-4671-AEDC-2BD2F789F8E7}"
            },
            "geometry": {
                "type": "Point",
                "coordinates": [
                    -74.143458,
                    39.692675
                ]
            }
        },
        {
            "type": "Feature",
            "id": 19038,
            "properties": {
                "OBJECTID": 19038,
                "PA_ID": "BLB00915",
                "ID_SIGN": "Yes",
                "PARKING": "Lot",
                "STREET": "Bayview Ave",
                "CROSS_ST": "25th St",
                "BADGE": "Yes",
                "SWIMMING": "Yes",
                "FISHING": "Yes",
                "SURFING": "NA",
                "PLAYGRD": "Yes",
                "PARK": "Yes",
                "PIER": "No",
                "BOATLNCH": "Yes",
                "MARINA": "No",
                "FOOD_DRINK": "No",
                "RESTRM": "No",
                "H_C": "Yes",
                "SHORELINE": "Bay",
                "ACCESS_TYP": "Beach, Boat",
                "SOURCE_DATE": 1453284000000,
                "COUNTY_LAB": "Ocean County",
                "MUN_LABEL": "Barnegat Light Borough",
                "COMMENTS": " ",
                "REVIEW_TYPE": "Public",
                "GLOBALID": "{59DE96CE-3C8A-42DF-A555-93EE0E7A8193}"
            },
            "geometry": {
                "type": "Point",
                "coordinates": [
                    -74.117287,
                    39.745109
                ]
            }
        },
        {
            "type": "Feature",
            "id": 19044,
            "properties": {
                "OBJECTID": 19044,
                "PA_ID": "BART00215",
                "ID_SIGN": "Yes",
                "PARKING": "Lot",
                "STREET": "East Bay Avenue",
                "CROSS_ST": "-",
                "BADGE": "No",
                "SWIMMING": "No",
                "FISHING": "No",
                "SURFING": "NA",
                "PLAYGRD": "No",
                "PARK": "No",
                "PIER": "Yes",
                "BOATLNCH": "Yes",
                "MARINA": "No",
                "FOOD_DRINK": "No",
                "RESTRM": "Yes",
                "H_C": "No",
                "SHORELINE": "Bay",
                "ACCESS_TYP": "Visual, Fishing",
                "SOURCE_DATE": 1433491200000,
                "COUNTY_LAB": "Ocean County",
                "MUN_LABEL": "Barnegat Township",
                "COMMENTS": " ",
                "REVIEW_TYPE": "Public",
                "GLOBALID": "{D41806E7-3E68-4431-9159-E30CDD7C11E2}"
            },
            "geometry": {
                "type": "Point",
                "coordinates": [
                    -74.19309,
                    39.749334
                ]
            }
        },
        {
            "type": "Feature",
            "id": 19045,
            "properties": {
                "OBJECTID": 19045,
                "PA_ID": "BART00415",
                "ID_SIGN": "No",
                "PARKING": "Lot",
                "STREET": "East Bay Avenue",
                "CROSS_ST": "Powell Lane",
                "BADGE": "No",
                "SWIMMING": "No",
                "FISHING": "No",
                "SURFING": "NA",
                "PLAYGRD": "No",
                "PARK": "No",
                "PIER": "No",
                "BOATLNCH": "Yes",
                "MARINA": "No",
                "FOOD_DRINK": "No",
                "RESTRM": "No",
                "H_C": "No",
                "SHORELINE": "Bay",
                "ACCESS_TYP": "Visual",
                "SOURCE_DATE": 1433491200000,
                "COUNTY_LAB": "Ocean County",
                "MUN_LABEL": "Barnegat Township",
                "COMMENTS": "Boat launch for small boats only, museum onsite",
                "REVIEW_TYPE": "Public",
                "GLOBALID": "{ABB96F4A-BF28-4F5F-A453-758963164E10}"
            },
            "geometry": {
                "type": "Point",
                "coordinates": [
                    -74.208337,
                    39.749509
                ]
            }
        },
        {
            "type": "Feature",
            "id": 19060,
            "properties": {
                "OBJECTID": 19060,
                "PA_ID": "BLB03315",
                "ID_SIGN": "Yes",
                "PARKING": "Lot",
                "STREET": "Bayview Ave",
                "CROSS_ST": "10th St",
                "BADGE": "No",
                "SWIMMING": "No",
                "FISHING": "Yes",
                "SURFING": "NA",
                "PLAYGRD": "No",
                "PARK": "No",
                "PIER": "No",
                "BOATLNCH": "Yes",
                "MARINA": "Yes",
                "FOOD_DRINK": "No",
                "RESTRM": "Yes",
                "H_C": "Yes",
                "SHORELINE": "Bay",
                "ACCESS_TYP": "Fishing, Boat",
                "SOURCE_DATE": 1454320800000,
                "COUNTY_LAB": "Ocean County",
                "MUN_LABEL": "Barnegat Light Borough",
                "COMMENTS": "Township boat launch w 200 ft bulkhead, fishing/boat slips. Pagoda seating area",
                "REVIEW_TYPE": "Public",
                "GLOBALID": "{261B2C6A-315F-4499-A486-E1D1E05F836F}"
            },
            "geometry": {
                "type": "Point",
                "coordinates": [
                    -74.111234,
                    39.757481
                ]
            }
        },
        {
            "type": "Feature",
            "id": 19061,
            "properties": {
                "OBJECTID": 19061,
                "PA_ID": "BLB03515",
                "ID_SIGN": "Yes",
                "PARKING": "Lot",
                "STREET": "Bayview Ave",
                "CROSS_ST": "9th St",
                "BADGE": "No",
                "SWIMMING": "No",
                "FISHING": "Yes",
                "SURFING": "NA",
                "PLAYGRD": "No",
                "PARK": "No",
                "PIER": "No",
                "BOATLNCH": "Yes",
                "MARINA": "Yes",
                "FOOD_DRINK": "No",
                "RESTRM": "Yes",
                "H_C": "Yes",
                "SHORELINE": "Bay",
                "ACCESS_TYP": "Fishing, Boat",
                "SOURCE_DATE": 1454320800000,
                "COUNTY_LAB": "Ocean County",
                "MUN_LABEL": "Barnegat Light Borough",
                "COMMENTS": "Township boat launch w 200 ft bulkhead, fishing/boat slips. Pagoda seating area",
                "REVIEW_TYPE": "Public",
                "GLOBALID": "{C64744D2-21B7-42F6-AE8A-6A7209808261}"
            },
            "geometry": {
                "type": "Point",
                "coordinates": [
                    -74.110802,
                    39.758309
                ]
            }
        },
        {
            "type": "Feature",
            "id": 19063,
            "properties": {
                "OBJECTID": 19063,
                "PA_ID": "BLB03715",
                "ID_SIGN": "Yes",
                "PARKING": "Lot",
                "STREET": "Bayview Ave",
                "CROSS_ST": "8th St",
                "BADGE": "No",
                "SWIMMING": "No",
                "FISHING": "Yes",
                "SURFING": "NA",
                "PLAYGRD": "No",
                "PARK": "No",
                "PIER": "No",
                "BOATLNCH": "Yes",
                "MARINA": "Yes",
                "FOOD_DRINK": "No",
                "RESTRM": "Yes",
                "H_C": "Yes",
                "SHORELINE": "Bay",
                "ACCESS_TYP": "Fishing, Boat",
                "SOURCE_DATE": 1454320800000,
                "COUNTY_LAB": "Ocean County",
                "MUN_LABEL": "Barnegat Light Borough",
                "COMMENTS": "Township boat launch w 200 ft bulkhead, fishing/boat slips. Pagoda seating area",
                "REVIEW_TYPE": "Public",
                "GLOBALID": "{C5F7C761-203F-42D5-89F3-F25CBB688AA4}"
            },
            "geometry": {
                "type": "Point",
                "coordinates": [
                    -74.110316,
                    39.759061
                ]
            }
        },
        {
            "type": "Feature",
            "id": 19064,
            "properties": {
                "OBJECTID": 19064,
                "PA_ID": "BLB03815",
                "ID_SIGN": "Yes",
                "PARKING": "Street",
                "STREET": "7th St",
                "CROSS_ST": "Bayview Ave",
                "BADGE": "No",
                "SWIMMING": "No",
                "FISHING": "Yes",
                "SURFING": "NA",
                "PLAYGRD": "No",
                "PARK": "No",
                "PIER": "No",
                "BOATLNCH": "No",
                "MARINA": "Yes",
                "FOOD_DRINK": "No",
                "RESTRM": "No",
                "H_C": "No",
                "SHORELINE": "Bay",
                "ACCESS_TYP": "Fishing",
                "SOURCE_DATE": 1454320800000,
                "COUNTY_LAB": "Ocean County",
                "MUN_LABEL": "Barnegat Light Borough",
                "COMMENTS": "next to USCG station and private marina",
                "REVIEW_TYPE": "Public",
                "GLOBALID": "{9D567810-1978-4ACF-BF13-301E3384D2E6}"
            },
            "geometry": {
                "type": "Point",
                "coordinates": [
                    -74.110124,
                    39.759982
                ]
            }
        },
        {
            "type": "Feature",
            "id": 19093,
            "properties": {
                "OBJECTID": 19093,
                "PA_ID": "LAT03815",
                "ID_SIGN": "No",
                "PARKING": "Street",
                "STREET": "Kalae Dr",
                "CROSS_ST": "-",
                "BADGE": "No",
                "SWIMMING": "No",
                "FISHING": "Yes",
                "SURFING": "NA",
                "PLAYGRD": "No",
                "PARK": "No",
                "PIER": "No",
                "BOATLNCH": "Yes",
                "MARINA": "No",
                "FOOD_DRINK": "No",
                "RESTRM": "No",
                "H_C": "No",
                "SHORELINE": "River",
                "ACCESS_TYP": "Fishing, Boat",
                "SOURCE_DATE": 1454493600000,
                "COUNTY_LAB": "Ocean County",
                "MUN_LABEL": "Lacey Township",
                "COMMENTS": "See municipal website for more details.",
                "REVIEW_TYPE": "Public",
                "GLOBALID": "{C3073647-6DFD-4DF6-8BAE-439469CD9818}"
            },
            "geometry": {
                "type": "Point",
                "coordinates": [
                    -74.165508,
                    39.824587
                ]
            }
        },
        {
            "type": "Feature",
            "id": 19104,
            "properties": {
                "OBJECTID": 19104,
                "PA_ID": "LAT05415",
                "ID_SIGN": "No",
                "PARKING": "Street",
                "STREET": "Yacht Basin Plz N",
                "CROSS_ST": "Marine Plz",
                "BADGE": "No",
                "SWIMMING": "No",
                "FISHING": "Yes",
                "SURFING": "No",
                "PLAYGRD": "No",
                "PARK": "No",
                "PIER": "No",
                "BOATLNCH": "No",
                "MARINA": "Yes",
                "FOOD_DRINK": "No",
                "RESTRM": "No",
                "H_C": "No",
                "SHORELINE": "River",
                "ACCESS_TYP": "Fishing, Boat",
                "SOURCE_DATE": 1454493600000,
                "COUNTY_LAB": "Ocean County",
                "MUN_LABEL": "Lacey Township",
                "COMMENTS": "See municipal website for more details.",
                "REVIEW_TYPE": "Public",
                "GLOBALID": "{44164540-0FE0-4642-8625-29F8CC17C23E}"
            },
            "geometry": {
                "type": "Point",
                "coordinates": [
                    -74.186539,
                    39.829595
                ]
            }
        },
        {
            "type": "Feature",
            "id": 19106,
            "properties": {
                "OBJECTID": 19106,
                "PA_ID": "LAT05815",
                "ID_SIGN": "Yes",
                "PARKING": "Lot",
                "STREET": "S Main St",
                "CROSS_ST": "US-9",
                "BADGE": "No",
                "SWIMMING": "No",
                "FISHING": "Yes",
                "SURFING": "NA",
                "PLAYGRD": "No",
                "PARK": "Yes",
                "PIER": "No",
                "BOATLNCH": "Yes",
                "MARINA": "Yes",
                "FOOD_DRINK": "No",
                "RESTRM": "Yes",
                "H_C": "Yes",
                "SHORELINE": "River",
                "ACCESS_TYP": "Fishing, Boat",
                "SOURCE_DATE": 1454493600000,
                "COUNTY_LAB": "Ocean County",
                "MUN_LABEL": "Lacey Township",
                "COMMENTS": "Benches.",
                "REVIEW_TYPE": "Public",
                "GLOBALID": "{F4F13DF7-71A7-439C-B667-BDC2644EFA85}"
            },
            "geometry": {
                "type": "Point",
                "coordinates": [
                    -74.194513,
                    39.834881
                ]
            }
        },
        {
            "type": "Feature",
            "id": 19860,
            "properties": {
                "OBJECTID": 19860,
                "PA_ID": "BHB03515",
                "ID_SIGN": "Yes",
                "PARKING": "Lot",
                "STREET": "2nd St",
                "CROSS_ST": "Dock Rd",
                "BADGE": "No",
                "SWIMMING": "No",
                "FISHING": "Yes",
                "SURFING": "NA",
                "PLAYGRD": "No",
                "PARK": "No",
                "PIER": "No",
                "BOATLNCH": "No",
                "MARINA": "Yes",
                "FOOD_DRINK": "No",
                "RESTRM": "No",
                "H_C": "Yes",
                "SHORELINE": "Bay",
                "ACCESS_TYP": "Fishing, Boat",
                "SOURCE_DATE": 1452765600000,
                "COUNTY_LAB": "Ocean County",
                "MUN_LABEL": "Beach Haven Borough",
                "COMMENTS": "Trash cans; benches; walkway; full service marina",
                "REVIEW_TYPE": "Public",
                "GLOBALID": "{E9C02F1A-F55E-40FF-A72E-4EB535161040}"
            },
            "geometry": {
                "type": "Point",
                "coordinates": [
                    -74.245174,
                    39.566781
                ]
            }
        },
        {
            "type": "Feature",
            "id": 19869,
            "properties": {
                "OBJECTID": 19869,
                "PA_ID": "BHB04315",
                "ID_SIGN": "Yes",
                "PARKING": "Street",
                "STREET": "Taylor St",
                "CROSS_ST": "Delaware Ave",
                "BADGE": "No",
                "SWIMMING": "No",
                "FISHING": "Yes",
                "SURFING": "NA",
                "PLAYGRD": "Yes",
                "PARK": "Yes",
                "PIER": "No",
                "BOATLNCH": "Yes",
                "MARINA": "No",
                "FOOD_DRINK": "No",
                "RESTRM": "No",
                "H_C": "Yes",
                "SHORELINE": "Bay",
                "ACCESS_TYP": "Fishing, Boat",
                "SOURCE_DATE": 1452765600000,
                "COUNTY_LAB": "Ocean County",
                "MUN_LABEL": "Beach Haven Borough",
                "COMMENTS": "Benches; basketball court; gazebo",
                "REVIEW_TYPE": "Public",
                "GLOBALID": "{C47AA362-6655-4572-8CD4-D5F965D7BCE3}"
            },
            "geometry": {
                "type": "Point",
                "coordinates": [
                    -74.239274,
                    39.570156
                ]
            }
        },
        {
            "type": "Feature",
            "id": 20037,
            "properties": {
                "OBJECTID": 20037,
                "PA_ID": "LEHT01315",
                "ID_SIGN": "Yes",
                "PARKING": "Lot",
                "STREET": "Great Bay Blvd",
                "CROSS_ST": "-",
                "BADGE": "No",
                "SWIMMING": "No",
                "FISHING": "Yes",
                "SURFING": "NA",
                "PLAYGRD": "No",
                "PARK": "No",
                "PIER": "No",
                "BOATLNCH": "Yes",
                "MARINA": "No",
                "FOOD_DRINK": "No",
                "RESTRM": "No",
                "H_C": "No",
                "SHORELINE": "Bay",
                "ACCESS_TYP": "Fishing, Boat",
                "SOURCE_DATE": 1455314146000,
                "COUNTY_LAB": "Ocean County",
                "MUN_LABEL": "Little Egg Harbor Township",
                "COMMENTS": "See municipal website for more details.",
                "REVIEW_TYPE": "Public",
                "GLOBALID": "{5E590CB2-3856-40F4-A69D-64451C0EBFD2}"
            },
            "geometry": {
                "type": "Point",
                "coordinates": [
                    -74.341957,
                    39.563974
                ]
            }
        },
        {
            "type": "Feature",
            "id": 20125,
            "properties": {
                "OBJECTID": 20125,
                "PA_ID": "TB00215",
                "ID_SIGN": "No",
                "PARKING": "Lot",
                "STREET": "S Green St",
                "CROSS_ST": " ",
                "BADGE": "No",
                "SWIMMING": "No",
                "FISHING": "Yes",
                "SURFING": "No",
                "PLAYGRD": "No",
                "PARK": "No",
                "PIER": "No",
                "BOATLNCH": "No",
                "MARINA": "Yes",
                "FOOD_DRINK": "No",
                "RESTRM": "No",
                "H_C": "Yes",
                "SHORELINE": "River",
                "ACCESS_TYP": "Visual",
                "SOURCE_DATE": 1440183269000,
                "COUNTY_LAB": "Ocean County",
                "MUN_LABEL": "Tuckerton Borough",
                "COMMENTS": "Benches, trash can, the presence of boats at the slips may hinder fishing at the location.",
                "REVIEW_TYPE": "Public",
                "GLOBALID": "{03D43430-9609-4282-83FD-AE77DEA44E0E}"
            },
            "geometry": {
                "type": "Point",
                "coordinates": [
                    -74.339847,
                    39.599017
                ]
            }
        },
        {
            "type": "Feature",
            "id": 20126,
            "properties": {
                "OBJECTID": 20126,
                "PA_ID": "TB00315",
                "ID_SIGN": "No",
                "PARKING": "Lot",
                "STREET": "Water St",
                "CROSS_ST": " S Green St",
                "BADGE": "No",
                "SWIMMING": "No",
                "FISHING": "Yes",
                "SURFING": "No",
                "PLAYGRD": "No",
                "PARK": "No",
                "PIER": "No",
                "BOATLNCH": "No",
                "MARINA": "Yes",
                "FOOD_DRINK": "No",
                "RESTRM": "No",
                "H_C": "Yes",
                "SHORELINE": "River",
                "ACCESS_TYP": "Visual",
                "SOURCE_DATE": 1440182955000,
                "COUNTY_LAB": "Ocean County",
                "MUN_LABEL": "Tuckerton Borough",
                "COMMENTS": " ",
                "REVIEW_TYPE": "Public",
                "GLOBALID": "{6FB8B48D-95FA-402F-9E67-F1847245B9E6}"
            },
            "geometry": {
                "type": "Point",
                "coordinates": [
                    -74.340242,
                    39.601044
                ]
            }
        },
        {
            "type": "Feature",
            "id": 20205,
            "properties": {
                "OBJECTID": 20205,
                "PA_ID": "BERT07416",
                "ID_SIGN": "Yes",
                "PARKING": "Street",
                "STREET": "Sloop Creek Rd",
                "CROSS_ST": "None",
                "BADGE": "No",
                "SWIMMING": "No",
                "FISHING": "Yes",
                "SURFING": "NA",
                "PLAYGRD": "No",
                "PARK": "No",
                "PIER": "No",
                "BOATLNCH": "Yes",
                "MARINA": "No",
                "FOOD_DRINK": "No",
                "RESTRM": "No",
                "H_C": "Yes",
                "SHORELINE": "Inlet",
                "ACCESS_TYP": "Boat, Fishing",
                "SOURCE_DATE": 1479790800000,
                "COUNTY_LAB": "Ocean County",
                "MUN_LABEL": "Berkeley Township",
                "COMMENTS": "Picnic Tables",
                "REVIEW_TYPE": "Public",
                "GLOBALID": "{1F3CD854-43E6-4158-8627-6AC27A36CB6C}"
            },
            "geometry": {
                "type": "Point",
                "coordinates": [
                    -74.133278,
                    39.904926
                ]
            }
        },
        {
            "type": "Feature",
            "id": 20217,
            "properties": {
                "OBJECTID": 20217,
                "PA_ID": "HCB05017",
                "ID_SIGN": "Yes",
                "PARKING": "Street",
                "STREET": "W 81st St.",
                "CROSS_ST": "Bay Terrace",
                "BADGE": "No",
                "SWIMMING": "No",
                "FISHING": "Yes",
                "SURFING": "NA",
                "PLAYGRD": "No",
                "PARK": "No",
                "PIER": "No",
                "BOATLNCH": "Yes",
                "MARINA": "Yes",
                "FOOD_DRINK": "No",
                "RESTRM": "No",
                "H_C": "No",
                "SHORELINE": "Bay",
                "ACCESS_TYP": "Boat, Fishing",
                "SOURCE_DATE": 1484802000000,
                "COUNTY_LAB": "Ocean County",
                "MUN_LABEL": "Harvey Cedars Borough",
                "COMMENTS": "Boat ramp",
                "REVIEW_TYPE": "Public",
                "GLOBALID": "{EEA31CE9-7ADA-437F-8B11-613C11E60C63}"
            },
            "geometry": {
                "type": "Point",
                "coordinates": [
                    -74.136562,
                    39.708834
                ]
            }
        },
        {
            "type": "Feature",
            "id": 20240,
            "properties": {
                "OBJECTID": 20240,
                "PA_ID": "LEHT03417",
                "ID_SIGN": "No",
                "PARKING": "Lot",
                "STREET": "E. Anchor Drive",
                "CROSS_ST": "None",
                "BADGE": "No",
                "SWIMMING": "No",
                "FISHING": "Yes",
                "SURFING": "NA",
                "PLAYGRD": "No",
                "PARK": "No",
                "PIER": "No",
                "BOATLNCH": "Yes",
                "MARINA": "Yes",
                "FOOD_DRINK": "No",
                "RESTRM": "Yes",
                "H_C": "No",
                "SHORELINE": "Bay",
                "ACCESS_TYP": "Boat",
                "SOURCE_DATE": 1488258000000,
                "COUNTY_LAB": "Ocean County",
                "MUN_LABEL": "Little Egg Harbor Township",
                "COMMENTS": "Munro's Marina",
                "REVIEW_TYPE": "Public",
                "GLOBALID": "{DFDD46B6-4B1B-402B-BCDA-DD0EECA59264}"
            },
            "geometry": {
                "type": "Point",
                "coordinates": [
                    -74.367634,
                    39.567438
                ]
            }
        },
        {
            "type": "Feature",
            "id": 20241,
            "properties": {
                "OBJECTID": 20241,
                "PA_ID": "LEHT03517",
                "ID_SIGN": "Yes",
                "PARKING": "Lot",
                "STREET": "Montana Dr.",
                "CROSS_ST": "Radio Rd.",
                "BADGE": "No",
                "SWIMMING": "No",
                "FISHING": "Yes",
                "SURFING": "NA",
                "PLAYGRD": "No",
                "PARK": "No",
                "PIER": "No",
                "BOATLNCH": "Yes",
                "MARINA": "Yes",
                "FOOD_DRINK": "Yes",
                "RESTRM": "Yes",
                "H_C": "No",
                "SHORELINE": "Bay",
                "ACCESS_TYP": "Boat",
                "SOURCE_DATE": 1488258000000,
                "COUNTY_LAB": "Ocean County",
                "MUN_LABEL": "Little Egg Harbor Township",
                "COMMENTS": "Great Bay Marina",
                "REVIEW_TYPE": "Public",
                "GLOBALID": "{E623E3A6-B574-4522-BC99-88A8A79255AD}"
            },
            "geometry": {
                "type": "Point",
                "coordinates": [
                    -74.387603,
                    39.54192
                ]
            }
        },
        {
            "type": "Feature",
            "id": 20242,
            "properties": {
                "OBJECTID": 20242,
                "PA_ID": "TB00617",
                "ID_SIGN": "Yes",
                "PARKING": "Lot",
                "STREET": "Lakeside Dr",
                "CROSS_ST": "None",
                "BADGE": "No",
                "SWIMMING": "No",
                "FISHING": "Yes",
                "SURFING": "NA",
                "PLAYGRD": "Yes",
                "PARK": "Yes",
                "PIER": "Yes",
                "BOATLNCH": "Yes",
                "MARINA": "No",
                "FOOD_DRINK": "No",
                "RESTRM": "Yes",
                "H_C": "Yes",
                "SHORELINE": "River",
                "ACCESS_TYP": "Fishing, Boat",
                "SOURCE_DATE": 1488258000000,
                "COUNTY_LAB": "Ocean County",
                "MUN_LABEL": "Tuckerton Borough",
                "COMMENTS": "Tip Seaman Park",
                "REVIEW_TYPE": "Public",
                "GLOBALID": "{70F0C3DF-3BF3-4DE7-BC11-69FBD10C0C0D}"
            },
            "geometry": {
                "type": "Point",
                "coordinates": [
                    -74.346621,
                    39.602793
                ]
            }
        },
        {
            "type": "Feature",
            "id": 20243,
            "properties": {
                "OBJECTID": 20243,
                "PA_ID": "TB00717",
                "ID_SIGN": "Yes",
                "PARKING": "Lot",
                "STREET": "Bartlett Ln",
                "CROSS_ST": "Main St.",
                "BADGE": "No",
                "SWIMMING": "No",
                "FISHING": "Yes",
                "SURFING": "NA",
                "PLAYGRD": "No",
                "PARK": "No",
                "PIER": "No",
                "BOATLNCH": "No",
                "MARINA": "Yes",
                "FOOD_DRINK": "No",
                "RESTRM": "No",
                "H_C": "No",
                "SHORELINE": "Bay",
                "ACCESS_TYP": "Visual, Fishing",
                "SOURCE_DATE": 1488258000000,
                "COUNTY_LAB": "Ocean County",
                "MUN_LABEL": "Tuckerton Borough",
                "COMMENTS": null,
                "REVIEW_TYPE": "Public",
                "GLOBALID": "{546213F4-F775-4903-89E9-E347262B1FE1}"
            },
            "geometry": {
                "type": "Point",
                "coordinates": [
                    -74.342917,
                    39.601701
                ]
            }
        },
        {
            "type": "Feature",
            "id": 16648,
            "properties": {
                "OBJECTID": 16648,
                "PA_ID": "BROB01615",
                "ID_SIGN": "Yes",
                "PARKING": "Lot",
                "STREET": "Timber Blvd",
                "CROSS_ST": "New Jersey Rd",
                "BADGE": "No",
                "SWIMMING": "No",
                "FISHING": "Yes",
                "SURFING": "NA",
                "PLAYGRD": "Yes",
                "PARK": "Yes",
                "PIER": "No",
                "BOATLNCH": "Yes",
                "MARINA": "No",
                "FOOD_DRINK": "No",
                "RESTRM": "No",
                "H_C": "Yes",
                "SHORELINE": "River",
                "ACCESS_TYP": "Fishing, Boat",
                "SOURCE_DATE": 1452027144000,
                "COUNTY_LAB": "Camden County",
                "MUN_LABEL": "Brooklawn Borough",
                "COMMENTS": " gazebo, benches, ballfield, trash receptacles, basketball court",
                "REVIEW_TYPE": "Public",
                "GLOBALID": "{88BD9205-9DF8-45D0-8332-755175A7C7EF}"
            },
            "geometry": {
                "type": "Point",
                "coordinates": [
                    -75.126867,
                    39.880453
                ]
            }
        },
        {
            "type": "Feature",
            "id": 16658,
            "properties": {
                "OBJECTID": 16658,
                "PA_ID": "GC00815",
                "ID_SIGN": "Yes",
                "PARKING": "Lot",
                "STREET": "South King Street",
                "CROSS_ST": null,
                "BADGE": "No",
                "SWIMMING": "No",
                "FISHING": "No",
                "SURFING": "NA",
                "PLAYGRD": "No",
                "PARK": "Yes",
                "PIER": "No",
                "BOATLNCH": "Yes",
                "MARINA": "Yes",
                "FOOD_DRINK": "No",
                "RESTRM": "Yes",
                "H_C": "Yes",
                "SHORELINE": "River",
                "ACCESS_TYP": "Boat",
                "SOURCE_DATE": 1473282182000,
                "COUNTY_LAB": "Camden County",
                "MUN_LABEL": "Gloucester Township",
                "COMMENTS": " Proprietors Park, trash cans, Gloucester City Marina",
                "REVIEW_TYPE": "Public",
                "GLOBALID": "{D02CAA46-28AC-46FF-859A-D766047573A5}"
            },
            "geometry": {
                "type": "Point",
                "coordinates": [
                    -75.12894,
                    39.896025
                ]
            }
        },
        {
            "type": "Feature",
            "id": 16659,
            "properties": {
                "OBJECTID": 16659,
                "PA_ID": "GC00915",
                "ID_SIGN": "Yes",
                "PARKING": "Lot",
                "STREET": "South King Street",
                "CROSS_ST": null,
                "BADGE": "No",
                "SWIMMING": "No",
                "FISHING": "Yes",
                "SURFING": "NA",
                "PLAYGRD": "Yes",
                "PARK": "Yes",
                "PIER": "Yes",
                "BOATLNCH": "No",
                "MARINA": "Yes",
                "FOOD_DRINK": "No",
                "RESTRM": "Yes",
                "H_C": "Yes",
                "SHORELINE": "River",
                "ACCESS_TYP": "Visual, Fishing",
                "SOURCE_DATE": 1473282459000,
                "COUNTY_LAB": "Camden County",
                "MUN_LABEL": "Gloucester Township",
                "COMMENTS": " Proprietors Park,  Benches, Trash cans ",
                "REVIEW_TYPE": "Public",
                "GLOBALID": "{78B83077-AD19-45AF-B9E5-6EA5D120159F}"
            },
            "geometry": {
                "type": "Point",
                "coordinates": [
                    -75.127477,
                    39.896169
                ]
            }
        },
        {
            "type": "Feature",
            "id": 16905,
            "properties": {
                "OBJECTID": 16905,
                "PA_ID": "WOC02015",
                "ID_SIGN": "Yes",
                "PARKING": "Lot",
                "STREET": "E Red Bank Ave",
                "CROSS_ST": null,
                "BADGE": "No",
                "SWIMMING": "No",
                "FISHING": "Yes",
                "SURFING": "NA",
                "PLAYGRD": "No",
                "PARK": "Yes",
                "PIER": "Yes",
                "BOATLNCH": "Yes",
                "MARINA": "No",
                "FOOD_DRINK": "No",
                "RESTRM": "No",
                "H_C": "Yes",
                "SHORELINE": "River",
                "ACCESS_TYP": "Fishing, Boat",
                "SOURCE_DATE": 1470771523000,
                "COUNTY_LAB": "Gloucester County",
                "MUN_LABEL": "Woodbury City",
                "COMMENTS": " Small boats permited, Benches, Trash cans, Basketball courts, Bike route, Tennis courts, Athletic fields, Canoe launch",
                "REVIEW_TYPE": "Public",
                "GLOBALID": "{1AC34A79-0AD0-4C54-97EA-9F2080BD6D9C}"
            },
            "geometry": {
                "type": "Point",
                "coordinates": [
                    -75.141838,
                    39.843421
                ]
            }
        },
        {
            "type": "Feature",
            "id": 16951,
            "properties": {
                "OBJECTID": 16951,
                "PA_ID": "MC00815",
                "ID_SIGN": "Yes",
                "PARKING": "Lot",
                "STREET": "Fowser Rd",
                "CROSS_ST": null,
                "BADGE": "No",
                "SWIMMING": "No",
                "FISHING": "No",
                "SURFING": "NA",
                "PLAYGRD": "No",
                "PARK": "No",
                "PIER": "Yes",
                "BOATLNCH": "Yes",
                "MARINA": "No",
                "FOOD_DRINK": "No",
                "RESTRM": "No",
                "H_C": "Yes",
                "SHORELINE": "River",
                "ACCESS_TYP": "Boat",
                "SOURCE_DATE": 1476308934000,
                "COUNTY_LAB": "Cumberland County",
                "MUN_LABEL": "Millville City",
                "COMMENTS": " Fowser boat launch ",
                "REVIEW_TYPE": "Public",
                "GLOBALID": "{F67DD529-B5E6-435F-997B-CE17E2615D16}"
            },
            "geometry": {
                "type": "Point",
                "coordinates": [
                    -75.036504,
                    39.377004
                ]
            }
        },
        {
            "type": "Feature",
            "id": 16963,
            "properties": {
                "OBJECTID": 16963,
                "PA_ID": "MC01415",
                "ID_SIGN": "Yes",
                "PARKING": "Lot",
                "STREET": "Buck St",
                "CROSS_ST": null,
                "BADGE": "No",
                "SWIMMING": "No",
                "FISHING": "No",
                "SURFING": "NA",
                "PLAYGRD": "No",
                "PARK": "Yes",
                "PIER": "Yes",
                "BOATLNCH": "No",
                "MARINA": "Yes",
                "FOOD_DRINK": "No",
                "RESTRM": "No",
                "H_C": "Yes",
                "SHORELINE": "River",
                "ACCESS_TYP": "Boat",
                "SOURCE_DATE": 1476299972000,
                "COUNTY_LAB": "Cumberland County",
                "MUN_LABEL": "Millville City",
                "COMMENTS": "on walkway, trash cans, recycling bins ",
                "REVIEW_TYPE": "Public",
                "GLOBALID": "{D4A2E208-8B96-4ABD-8769-703B464AD381}"
            },
            "geometry": {
                "type": "Point",
                "coordinates": [
                    -75.03968,
                    39.394305
                ]
            }
        },
        {
            "type": "Feature",
            "id": 16976,
            "properties": {
                "OBJECTID": 16976,
                "PA_ID": "MC02515",
                "ID_SIGN": "Yes",
                "PARKING": "Lot",
                "STREET": "Carmel Rd",
                "CROSS_ST": null,
                "BADGE": "No",
                "SWIMMING": "No",
                "FISHING": "Yes",
                "SURFING": "NA",
                "PLAYGRD": "No",
                "PARK": "Yes",
                "PIER": "Yes",
                "BOATLNCH": "Yes",
                "MARINA": "No",
                "FOOD_DRINK": "No",
                "RESTRM": "Yes",
                "H_C": "Yes",
                "SHORELINE": "River",
                "ACCESS_TYP": "Fishing, Boat",
                "SOURCE_DATE": 1476307417000,
                "COUNTY_LAB": "Cumberland County",
                "MUN_LABEL": "Millville City",
                "COMMENTS": " Union Lake boat ramp, trash can, recycling bins",
                "REVIEW_TYPE": "Public",
                "GLOBALID": "{B706F321-4450-4437-8978-080B17EE606A}"
            },
            "geometry": {
                "type": "Point",
                "coordinates": [
                    -75.070508,
                    39.4055
                ]
            }
        },
        {
            "type": "Feature",
            "id": 17006,
            "properties": {
                "OBJECTID": 17006,
                "PA_ID": "WAT00715",
                "ID_SIGN": "No",
                "PARKING": "Street",
                "STREET": "River Rd",
                "CROSS_ST": "Charles Ave",
                "BADGE": "No",
                "SWIMMING": "No",
                "FISHING": "Yes",
                "SURFING": "NA",
                "PLAYGRD": "No",
                "PARK": "No",
                "PIER": "No",
                "BOATLNCH": "Yes",
                "MARINA": "No",
                "FOOD_DRINK": "No",
                "RESTRM": "No",
                "H_C": "No",
                "SHORELINE": "River",
                "ACCESS_TYP": "Fishing, Boat",
                "SOURCE_DATE": 1455929146000,
                "COUNTY_LAB": "Burlington County",
                "MUN_LABEL": "Washington Township",
                "COMMENTS": "See municipal website for more details.",
                "REVIEW_TYPE": "Public",
                "GLOBALID": "{9F55D977-B8A3-4188-83B8-1F77026037AF}"
            },
            "geometry": {
                "type": "Point",
                "coordinates": [
                    -74.550213,
                    39.595727
                ]
            }
        },
        {
            "type": "Feature",
            "id": 17007,
            "properties": {
                "OBJECTID": 17007,
                "PA_ID": "WAT00815",
                "ID_SIGN": "Yes",
                "PARKING": "Lot",
                "STREET": "River Rd",
                "CROSS_ST": "-",
                "BADGE": "No",
                "SWIMMING": "No",
                "FISHING": "Yes",
                "SURFING": "NA",
                "PLAYGRD": "No",
                "PARK": "No",
                "PIER": "No",
                "BOATLNCH": "Yes",
                "MARINA": "No",
                "FOOD_DRINK": "No",
                "RESTRM": "No",
                "H_C": "No",
                "SHORELINE": "River",
                "ACCESS_TYP": "Fishing, Boat",
                "SOURCE_DATE": 1455876000000,
                "COUNTY_LAB": "Burlington County",
                "MUN_LABEL": "Washington Township",
                "COMMENTS": "Bench for Washington twp residents. See municipal website for more details.",
                "REVIEW_TYPE": "Public",
                "GLOBALID": "{8FFB7FC2-6CEE-470D-BD60-73798347FE73}"
            },
            "geometry": {
                "type": "Point",
                "coordinates": [
                    -74.551722,
                    39.598918
                ]
            }
        },
        {
            "type": "Feature",
            "id": 17016,
            "properties": {
                "OBJECTID": 17016,
                "PA_ID": "WAT01515",
                "ID_SIGN": "Yes",
                "PARKING": "Lot",
                "STREET": "Nesco Rd",
                "CROSS_ST": "Burnt Schoolhouse Rd",
                "BADGE": "No",
                "SWIMMING": "No",
                "FISHING": "Yes",
                "SURFING": "NA",
                "PLAYGRD": "No",
                "PARK": "Yes",
                "PIER": "No",
                "BOATLNCH": "Yes",
                "MARINA": "No",
                "FOOD_DRINK": "No",
                "RESTRM": "Yes",
                "H_C": "Yes",
                "SHORELINE": "River",
                "ACCESS_TYP": "Fishing, Boat",
                "SOURCE_DATE": 1455876000000,
                "COUNTY_LAB": "Burlington County",
                "MUN_LABEL": "Washington Township",
                "COMMENTS": "Crowley Landing with benches, picnic tables, and grills.",
                "REVIEW_TYPE": "Public",
                "GLOBALID": "{A35A81DC-BBC0-4199-9B75-53FB0E4836B4}"
            },
            "geometry": {
                "type": "Point",
                "coordinates": [
                    -74.618103,
                    39.628342
                ]
            }
        },
        {
            "type": "Feature",
            "id": 18281,
            "properties": {
                "OBJECTID": 18281,
                "PA_ID": "EMT00815",
                "ID_SIGN": "Yes",
                "PARKING": "Lot",
                "STREET": "NJ 50",
                "CROSS_ST": " ",
                "BADGE": "No",
                "SWIMMING": "No",
                "FISHING": "Yes",
                "SURFING": "NA",
                "PLAYGRD": "No",
                "PARK": "Yes",
                "PIER": "No",
                "BOATLNCH": "Yes",
                "MARINA": "No",
                "FOOD_DRINK": "No",
                "RESTRM": "Yes",
                "H_C": "No",
                "SHORELINE": "Bay/River",
                "ACCESS_TYP": "Fishing, Boat",
                "SOURCE_DATE": 1461360839000,
                "COUNTY_LAB": "Atlantic County",
                "MUN_LABEL": "Estell Manor Township",
                "COMMENTS": " Atlantic County Park ",
                "REVIEW_TYPE": "Public",
                "GLOBALID": "{8900DF27-1492-488D-A88A-6E22B49D4728}"
            },
            "geometry": {
                "type": "Point",
                "coordinates": [
                    -74.733509,
                    39.415493
                ]
            }
        },
        {
            "type": "Feature",
            "id": 18784,
            "properties": {
                "OBJECTID": 18784,
                "PA_ID": "MUT00715",
                "ID_SIGN": "No",
                "PARKING": "No",
                "STREET": "New Hampshire Ave",
                "CROSS_ST": "-",
                "BADGE": "No",
                "SWIMMING": "No",
                "FISHING": "Yes",
                "SURFING": "NA",
                "PLAYGRD": "No",
                "PARK": "No",
                "PIER": "No",
                "BOATLNCH": "Yes",
                "MARINA": "No",
                "FOOD_DRINK": "No",
                "RESTRM": "No",
                "H_C": "No",
                "SHORELINE": "River",
                "ACCESS_TYP": "Fishing, Boat",
                "SOURCE_DATE": 1455876000000,
                "COUNTY_LAB": "Atlantic County",
                "MUN_LABEL": "Mullica Township",
                "COMMENTS": "See municipal website for more details.",
                "REVIEW_TYPE": "Public",
                "GLOBALID": "{39D2EC94-E7B7-461B-9B95-22F08E0A7157}"
            },
            "geometry": {
                "type": "Point",
                "coordinates": [
                    -74.624456,
                    39.623308
                ]
            }
        },
        {
            "type": "Feature",
            "id": 18786,
            "properties": {
                "OBJECTID": 18786,
                "PA_ID": "MUT00915",
                "ID_SIGN": "No",
                "PARKING": "Street",
                "STREET": "Cedar Ln",
                "CROSS_ST": "-",
                "BADGE": "No",
                "SWIMMING": "No",
                "FISHING": "Yes",
                "SURFING": "NA",
                "PLAYGRD": "No",
                "PARK": "No",
                "PIER": "No",
                "BOATLNCH": "Yes",
                "MARINA": "No",
                "FOOD_DRINK": "No",
                "RESTRM": "No",
                "H_C": "No",
                "SHORELINE": "River",
                "ACCESS_TYP": "Fishing",
                "SOURCE_DATE": 1455876000000,
                "COUNTY_LAB": "Atlantic County",
                "MUN_LABEL": "Mullica Township",
                "COMMENTS": "Potential kayak launch; see municipal website for more details.",
                "REVIEW_TYPE": "Public",
                "GLOBALID": "{3B549783-7D13-41F7-96EA-2948E1284493}"
            },
            "geometry": {
                "type": "Point",
                "coordinates": [
                    -74.620885,
                    39.625485
                ]
            }
        },
        {
            "type": "Feature",
            "id": 16333,
            "properties": {
                "OBJECTID": 16333,
                "PA_ID": "SET01815",
                "ID_SIGN": "Yes",
                "PARKING": "Lot",
                "STREET": "New County Road",
                "CROSS_ST": "Laurel Hill Road",
                "BADGE": "No",
                "SWIMMING": "No",
                "FISHING": "Yes",
                "SURFING": "No",
                "PLAYGRD": "Yes",
                "PARK": "Yes",
                "PIER": "No",
                "BOATLNCH": "Yes",
                "MARINA": "No",
                "FOOD_DRINK": "No",
                "RESTRM": "Yes",
                "H_C": "Yes",
                "SHORELINE": "River",
                "ACCESS_TYP": "Fishing, Boat",
                "SOURCE_DATE": 1471982564000,
                "COUNTY_LAB": "Hudson County",
                "MUN_LABEL": "Secaucus Township",
                "COMMENTS": "Laurel Hill Park ,Walkway, Benches, Athletic fields, Trash cans, Picnic tables, Dog park, Eco Cruises, Kayak launch  ",
                "REVIEW_TYPE": "Public",
                "GLOBALID": "{A99B3E34-6166-4800-8030-5BB8351C5493}"
            },
            "geometry": {
                "type": "Point",
                "coordinates": [
                    -74.084538,
                    40.763468
                ]
            }
        },
        {
            "type": "Feature",
            "id": 16337,
            "properties": {
                "OBJECTID": 16337,
                "PA_ID": "KT00215",
                "ID_SIGN": "Yes",
                "PARKING": "Lot",
                "STREET": "Passaic Ave",
                "CROSS_ST": null,
                "BADGE": "No",
                "SWIMMING": "No",
                "FISHING": "No",
                "SURFING": "No",
                "PLAYGRD": "No",
                "PARK": "Yes",
                "PIER": "No",
                "BOATLNCH": "Yes",
                "MARINA": "No",
                "FOOD_DRINK": "No",
                "RESTRM": "No",
                "H_C": "Yes",
                "SHORELINE": "River",
                "ACCESS_TYP": "Fishing, Boat",
                "SOURCE_DATE": 1458947299000,
                "COUNTY_LAB": "Hudson County",
                "MUN_LABEL": "Kearny Township",
                "COMMENTS": " flat ground. paved walking path near river. soccer field and roller hockey field present. boat ramp at end of parking lot.",
                "REVIEW_TYPE": "Public",
                "GLOBALID": "{455E9EBA-E65D-4871-82B4-395C2F623445}"
            },
            "geometry": {
                "type": "Point",
                "coordinates": [
                    -74.157673,
                    40.76448
                ]
            }
        },
        {
            "type": "Feature",
            "id": 16581,
            "properties": {
                "OBJECTID": 16581,
                "PA_ID": "HOC00415",
                "ID_SIGN": "Yes",
                "PARKING": "No",
                "STREET": "Sinatra Dr N",
                "CROSS_ST": "Constitution Ct",
                "BADGE": "No",
                "SWIMMING": "No",
                "FISHING": "No",
                "SURFING": "NA",
                "PLAYGRD": "No",
                "PARK": "No",
                "PIER": "Yes",
                "BOATLNCH": "No",
                "MARINA": "Yes",
                "FOOD_DRINK": "Yes",
                "RESTRM": "No",
                "H_C": "Yes",
                "SHORELINE": "River",
                "ACCESS_TYP": "Visual",
                "SOURCE_DATE": 1465590905000,
                "COUNTY_LAB": "Hudson County",
                "MUN_LABEL": "Hoboken City",
                "COMMENTS": "Hudson River Waterfront Walkway",
                "REVIEW_TYPE": "Public",
                "GLOBALID": "{5A4ACA34-E147-4626-9A9B-61E71D301380}"
            },
            "geometry": {
                "type": "Point",
                "coordinates": [
                    -74.023424,
                    40.751931
                ]
            }
        },
        {
            "type": "Feature",
            "id": 16582,
            "properties": {
                "OBJECTID": 16582,
                "PA_ID": "HOC00515",
                "ID_SIGN": "Yes",
                "PARKING": "No",
                "STREET": "Sinatra Dr N",
                "CROSS_ST": "Independence Ct",
                "BADGE": "No",
                "SWIMMING": "No",
                "FISHING": "No",
                "SURFING": "NA",
                "PLAYGRD": "No",
                "PARK": "No",
                "PIER": "No",
                "BOATLNCH": "No",
                "MARINA": "Yes",
                "FOOD_DRINK": "Yes",
                "RESTRM": "No",
                "H_C": "No",
                "SHORELINE": "River",
                "ACCESS_TYP": "Visual",
                "SOURCE_DATE": 1465590723000,
                "COUNTY_LAB": "Hudson County",
                "MUN_LABEL": "Hoboken City",
                "COMMENTS": "Hudson River Waterfront Walkway",
                "REVIEW_TYPE": "Public",
                "GLOBALID": "{3AEEE848-263C-4F6B-8429-2746701BB7E9}"
            },
            "geometry": {
                "type": "Point",
                "coordinates": [
                    -74.023561,
                    40.751483
                ]
            }
        },
        {
            "type": "Feature",
            "id": 16767,
            "properties": {
                "OBJECTID": 16767,
                "PA_ID": "SET00415",
                "ID_SIGN": "Yes",
                "PARKING": "Lot",
                "STREET": "Millridge Rd",
                "CROSS_ST": null,
                "BADGE": "No",
                "SWIMMING": "No",
                "FISHING": "Yes",
                "SURFING": "NA",
                "PLAYGRD": "Yes",
                "PARK": "Yes",
                "PIER": "Yes",
                "BOATLNCH": "Yes",
                "MARINA": "No",
                "FOOD_DRINK": "No",
                "RESTRM": "No",
                "H_C": "Yes",
                "SHORELINE": "River",
                "ACCESS_TYP": "Fishing, Boat",
                "SOURCE_DATE": 1471897586000,
                "COUNTY_LAB": "Hudson County",
                "MUN_LABEL": "Secaucus Township",
                "COMMENTS": " Mill Creek Point Park, Secaucus Greenway access, Benches, Gazebos, Educational signage",
                "REVIEW_TYPE": "Public",
                "GLOBALID": "{93FC3054-4246-4F40-B715-79945C87F3BD}"
            },
            "geometry": {
                "type": "Point",
                "coordinates": [
                    -74.043456,
                    40.805978
                ]
            }
        },
        {
            "type": "Feature",
            "id": 16768,
            "properties": {
                "OBJECTID": 16768,
                "PA_ID": "ERB02415",
                "ID_SIGN": "Yes",
                "PARKING": "Lot",
                "STREET": "Outwater Ln",
                "CROSS_ST": "Paterson Plank Rd",
                "BADGE": "No",
                "SWIMMING": "No",
                "FISHING": "Yes",
                "SURFING": "NA",
                "PLAYGRD": "No",
                "PARK": "Yes",
                "PIER": "Yes",
                "BOATLNCH": "Yes",
                "MARINA": "Yes",
                "FOOD_DRINK": "Yes",
                "RESTRM": "Yes",
                "H_C": "Yes",
                "SHORELINE": "River",
                "ACCESS_TYP": "Fishing, Boat",
                "SOURCE_DATE": 1471895251000,
                "COUNTY_LAB": "Bergen County",
                "MUN_LABEL": "East Rutherford Borough",
                "COMMENTS": " Fishing in designated areas, Public boat tours, Educational signage, Picnic area, Richard P. Kane Natural Area, Kayak accessible ",
                "REVIEW_TYPE": "Public",
                "GLOBALID": "{55C38D59-826A-4EA5-B89D-AD0972E8AA0D}"
            },
            "geometry": {
                "type": "Point",
                "coordinates": [
                    -74.057523,
                    40.807357
                ]
            }
        },
        {
            "type": "Feature",
            "id": 16775,
            "properties": {
                "OBJECTID": 16775,
                "PA_ID": "NUT00315",
                "ID_SIGN": "No",
                "PARKING": "Lot",
                "STREET": "NJ 21",
                "CROSS_ST": null,
                "BADGE": "No",
                "SWIMMING": "No",
                "FISHING": "Yes",
                "SURFING": "NA",
                "PLAYGRD": "No",
                "PARK": "No",
                "PIER": "No",
                "BOATLNCH": "Yes",
                "MARINA": "No",
                "FOOD_DRINK": "No",
                "RESTRM": "No",
                "H_C": "No",
                "SHORELINE": "River",
                "ACCESS_TYP": "Fishing, Boat",
                "SOURCE_DATE": 1461971592000,
                "COUNTY_LAB": "Essex County",
                "MUN_LABEL": "Nutley Township",
                "COMMENTS": " ",
                "REVIEW_TYPE": "Public",
                "GLOBALID": "{FD3BCEF8-93C7-420B-B801-8AD81C83FAF6}"
            },
            "geometry": {
                "type": "Point",
                "coordinates": [
                    -74.139165,
                    40.811541
                ]
            }
        },
        {
            "type": "Feature",
            "id": 16804,
            "properties": {
                "OBJECTID": 16804,
                "PA_ID": "EB02715",
                "ID_SIGN": "No",
                "PARKING": "No",
                "STREET": "Vela Wat",
                "CROSS_ST": "River Rd",
                "BADGE": "No",
                "SWIMMING": "No",
                "FISHING": "Yes",
                "SURFING": "NA",
                "PLAYGRD": "No",
                "PARK": "No",
                "PIER": "No",
                "BOATLNCH": "No",
                "MARINA": "Yes",
                "FOOD_DRINK": "No",
                "RESTRM": "No",
                "H_C": "No",
                "SHORELINE": "River",
                "ACCESS_TYP": "Visual, Fishing",
                "SOURCE_DATE": 1464115253000,
                "COUNTY_LAB": "Bergen County",
                "MUN_LABEL": "Edgewater Borough",
                "COMMENTS": "Hudson River Waterfront Walkway",
                "REVIEW_TYPE": "Public",
                "GLOBALID": "{848431EE-4106-4F5A-8A73-FEF479084C07}"
            },
            "geometry": {
                "type": "Point",
                "coordinates": [
                    -73.967508,
                    40.8399
                ]
            }
        },
        {
            "type": "Feature",
            "id": 16816,
            "properties": {
                "OBJECTID": 16816,
                "PA_ID": "FLB00315",
                "ID_SIGN": "Yes",
                "PARKING": "Lot",
                "STREET": "Henry Hudson Dr",
                "CROSS_ST": null,
                "BADGE": "Yes",
                "SWIMMING": "No",
                "FISHING": "Yes",
                "SURFING": "NA",
                "PLAYGRD": "No",
                "PARK": "Yes",
                "PIER": "No",
                "BOATLNCH": "Yes",
                "MARINA": "No",
                "FOOD_DRINK": "No",
                "RESTRM": "Yes",
                "H_C": "Yes",
                "SHORELINE": "River",
                "ACCESS_TYP": "Fishing, Boat",
                "SOURCE_DATE": 1463172010000,
                "COUNTY_LAB": "Bergen County",
                "MUN_LABEL": "Fort Lee Borough",
                "COMMENTS": "parking and boat ramp use by permit only",
                "REVIEW_TYPE": "Public",
                "GLOBALID": "{00270450-4067-49C1-9BD8-3E6D5CA9D245}"
            },
            "geometry": {
                "type": "Point",
                "coordinates": [
                    -73.959526,
                    40.851901
                ]
            }
        },
        {
            "type": "Feature",
            "id": 16842,
            "properties": {
                "OBJECTID": 16842,
                "PA_ID": "ECB00115",
                "ID_SIGN": "Yes",
                "PARKING": "Lot",
                "STREET": "Henry Hudson Dr",
                "CROSS_ST": null,
                "BADGE": "No",
                "SWIMMING": "No",
                "FISHING": "Yes",
                "SURFING": "NA",
                "PLAYGRD": "No",
                "PARK": "Yes",
                "PIER": "No",
                "BOATLNCH": "No",
                "MARINA": "Yes",
                "FOOD_DRINK": "Yes",
                "RESTRM": "Yes",
                "H_C": "Yes",
                "SHORELINE": "River",
                "ACCESS_TYP": "Visual, Fishing",
                "SOURCE_DATE": 1463173043000,
                "COUNTY_LAB": "Bergen County",
                "MUN_LABEL": "Englewood Cliffs Borough",
                "COMMENTS": " Palisades Interstate Park ",
                "REVIEW_TYPE": "Public",
                "GLOBALID": "{8C5FBB5B-5905-4ACB-983D-906F361B41C9}"
            },
            "geometry": {
                "type": "Point",
                "coordinates": [
                    -73.946287,
                    40.876721
                ]
            }
        },
        {
            "type": "Feature",
            "id": 16843,
            "properties": {
                "OBJECTID": 16843,
                "PA_ID": "ECB00215",
                "ID_SIGN": "Yes",
                "PARKING": "Lot",
                "STREET": "Henry Hudson Dr",
                "CROSS_ST": null,
                "BADGE": "No",
                "SWIMMING": "No",
                "FISHING": "Yes",
                "SURFING": "NA",
                "PLAYGRD": "Yes",
                "PARK": "Yes",
                "PIER": "No",
                "BOATLNCH": "No",
                "MARINA": "Yes",
                "FOOD_DRINK": "Yes",
                "RESTRM": "Yes",
                "H_C": "Yes",
                "SHORELINE": "River",
                "ACCESS_TYP": "Fishing, Boat",
                "SOURCE_DATE": 1463172905000,
                "COUNTY_LAB": "Bergen County",
                "MUN_LABEL": "Englewood Cliffs Borough",
                "COMMENTS": " Palisades Interstate Park ",
                "REVIEW_TYPE": "Public",
                "GLOBALID": "{5F38CD77-4FA4-4DA7-BB58-DFB09046EEE6}"
            },
            "geometry": {
                "type": "Point",
                "coordinates": [
                    -73.946778,
                    40.87767
                ]
            }
        },
        {
            "type": "Feature",
            "id": 16846,
            "properties": {
                "OBJECTID": 16846,
                "PA_ID": "ECB00315",
                "ID_SIGN": "No",
                "PARKING": "Lot",
                "STREET": "Henry Hudson Dr",
                "CROSS_ST": null,
                "BADGE": "No",
                "SWIMMING": "No",
                "FISHING": "Yes",
                "SURFING": "NA",
                "PLAYGRD": "No",
                "PARK": "Yes",
                "PIER": "No",
                "BOATLNCH": "No",
                "MARINA": "Yes",
                "FOOD_DRINK": "No",
                "RESTRM": "No",
                "H_C": "Yes",
                "SHORELINE": "River",
                "ACCESS_TYP": "Visual, Fishing",
                "SOURCE_DATE": 1463173292000,
                "COUNTY_LAB": "Bergen County",
                "MUN_LABEL": "Englewood Cliffs Borough",
                "COMMENTS": " ",
                "REVIEW_TYPE": "Public",
                "GLOBALID": "{A69937E0-740F-4DD9-87DF-202C69D22F63}"
            },
            "geometry": {
                "type": "Point",
                "coordinates": [
                    -73.944802,
                    40.881708
                ]
            }
        },
        {
            "type": "Feature",
            "id": 16862,
            "properties": {
                "OBJECTID": 16862,
                "PA_ID": "REB00315",
                "ID_SIGN": "Yes",
                "PARKING": "Lot",
                "STREET": "Riverside Way",
                "CROSS_ST": null,
                "BADGE": "No",
                "SWIMMING": "No",
                "FISHING": "Yes",
                "SURFING": "NA",
                "PLAYGRD": "No",
                "PARK": "Yes",
                "PIER": "No",
                "BOATLNCH": "Yes",
                "MARINA": "No",
                "FOOD_DRINK": "No",
                "RESTRM": "Yes",
                "H_C": "Yes",
                "SHORELINE": "River",
                "ACCESS_TYP": "Fishing, Boat",
                "SOURCE_DATE": 1471287179000,
                "COUNTY_LAB": "Bergen County",
                "MUN_LABEL": "River Edge Borough",
                "COMMENTS": " Kenneth B George Memorial Park, River Edge Boat Launch, Sport's complex, Swim club",
                "REVIEW_TYPE": "Public",
                "GLOBALID": "{B085A28B-3CB1-40B3-AD7E-635D84846DE5}"
            },
            "geometry": {
                "type": "Point",
                "coordinates": [
                    -74.030315,
                    40.928404
                ]
            }
        },
        {
            "type": "Feature",
            "id": 16867,
            "properties": {
                "OBJECTID": 16867,
                "PA_ID": "ALPB00215",
                "ID_SIGN": "Yes",
                "PARKING": "Lot",
                "STREET": "Henry Hudson Dr",
                "CROSS_ST": null,
                "BADGE": "No",
                "SWIMMING": "No",
                "FISHING": "Yes",
                "SURFING": "NA",
                "PLAYGRD": "No",
                "PARK": "Yes",
                "PIER": "No",
                "BOATLNCH": "No",
                "MARINA": "Yes",
                "FOOD_DRINK": "Yes",
                "RESTRM": "Yes",
                "H_C": "No",
                "SHORELINE": "River",
                "ACCESS_TYP": "Visual, Fishing",
                "SOURCE_DATE": 1463174391000,
                "COUNTY_LAB": "Bergen County",
                "MUN_LABEL": "Alpine Borough",
                "COMMENTS": " ",
                "REVIEW_TYPE": "Public",
                "GLOBALID": "{552F8210-3E3B-4E38-976F-992958B5FF4F}"
            },
            "geometry": {
                "type": "Point",
                "coordinates": [
                    -73.918867,
                    40.9455
                ]
            }
        },
        {
            "type": "Feature",
            "id": 16487,
            "properties": {
                "OBJECTID": 16487,
                "PA_ID": "ALT00115",
                "ID_SIGN": "Yes",
                "PARKING": "Lot",
                "STREET": "E  Canal St",
                "CROSS_ST": "Birch St",
                "BADGE": "No",
                "SWIMMING": "No",
                "FISHING": "Yes",
                "SURFING": "NA",
                "PLAYGRD": "No",
                "PARK": "Yes",
                "PIER": "No",
                "BOATLNCH": "Yes",
                "MARINA": "No",
                "FOOD_DRINK": "No",
                "RESTRM": "Yes",
                "H_C": "No",
                "SHORELINE": "River",
                "ACCESS_TYP": "Fishing, Boat",
                "SOURCE_DATE": 1472152450000,
                "COUNTY_LAB": "Salem County",
                "MUN_LABEL": "Alloway Township",
                "COMMENTS": " ",
                "REVIEW_TYPE": "Public",
                "GLOBALID": "{9393EA0A-D62A-4E0A-9C30-3AE79A37F0FE}"
            },
            "geometry": {
                "type": "Point",
                "coordinates": [
                    -75.360893,
                    39.563387
                ]
            }
        },
        {
            "type": "Feature",
            "id": 16490,
            "properties": {
                "OBJECTID": 16490,
                "PA_ID": "QT00115",
                "ID_SIGN": "Yes",
                "PARKING": "Lot",
                "STREET": "Quinton Alloway Rd",
                "CROSS_ST": "Salem Quinton Rd",
                "BADGE": "No",
                "SWIMMING": "No",
                "FISHING": "Yes",
                "SURFING": "NA",
                "PLAYGRD": "No",
                "PARK": "No",
                "PIER": "No",
                "BOATLNCH": "Yes",
                "MARINA": "No",
                "FOOD_DRINK": "No",
                "RESTRM": "No",
                "H_C": "No",
                "SHORELINE": "River",
                "ACCESS_TYP": "Fishing, Boat",
                "SOURCE_DATE": 1472151814000,
                "COUNTY_LAB": "Salem County",
                "MUN_LABEL": "Quinton Township",
                "COMMENTS": " Kayak launch ",
                "REVIEW_TYPE": "Public",
                "GLOBALID": "{2DBF7445-415E-4581-8CB1-F6B26FDDA4ED}"
            },
            "geometry": {
                "type": "Point",
                "coordinates": [
                    -75.41322,
                    39.548597
                ]
            }
        },
        {
            "type": "Feature",
            "id": 16492,
            "properties": {
                "OBJECTID": 16492,
                "PA_ID": "LACT01215",
                "ID_SIGN": "Yes",
                "PARKING": "Lot",
                "STREET": "Stowneck Rd",
                "CROSS_ST": null,
                "BADGE": "No",
                "SWIMMING": "No",
                "FISHING": "Yes",
                "SURFING": "NA",
                "PLAYGRD": "No",
                "PARK": "Yes",
                "PIER": "No",
                "BOATLNCH": "Yes",
                "MARINA": "No",
                "FOOD_DRINK": "No",
                "RESTRM": "No",
                "H_C": "No",
                "SHORELINE": "River",
                "ACCESS_TYP": "Fishing, Boat",
                "SOURCE_DATE": 1470687892000,
                "COUNTY_LAB": "Salem County",
                "MUN_LABEL": "Lower Alloways Creek Township",
                "COMMENTS": " Mad Horse Creek Wildlife Management Area",
                "REVIEW_TYPE": "Public",
                "GLOBALID": "{36FCB745-26D6-4300-88C2-EF595AB236CC}"
            },
            "geometry": {
                "type": "Point",
                "coordinates": [
                    -75.426437,
                    39.421314
                ]
            }
        },
        {
            "type": "Feature",
            "id": 16493,
            "properties": {
                "OBJECTID": 16493,
                "PA_ID": "PT006",
                "ID_SIGN": "No",
                "PARKING": "Lot",
                "STREET": "Riviera Dr",
                "CROSS_ST": "Eaton Rd",
                "BADGE": "No",
                "SWIMMING": "No",
                "FISHING": "Yes",
                "SURFING": "NA",
                "PLAYGRD": "Yes",
                "PARK": "No",
                "PIER": "No",
                "BOATLNCH": "Yes",
                "MARINA": "No",
                "FOOD_DRINK": "No",
                "RESTRM": "No",
                "H_C": "No",
                "SHORELINE": "River",
                "ACCESS_TYP": "Fishing, Boat",
                "SOURCE_DATE": 1470262694000,
                "COUNTY_LAB": "Salem County",
                "MUN_LABEL": "Pennsville Township",
                "COMMENTS": " ",
                "REVIEW_TYPE": "Public",
                "GLOBALID": "{4A262162-B999-4747-B86E-4DCBA208E1F6}"
            },
            "geometry": {
                "type": "Point",
                "coordinates": [
                    -75.53254,
                    39.647973
                ]
            }
        },
        {
            "type": "Feature",
            "id": 16502,
            "properties": {
                "OBJECTID": 16502,
                "PA_ID": "PT018",
                "ID_SIGN": "No",
                "PARKING": "Street",
                "STREET": "Quaker Rd",
                "CROSS_ST": "Riviera Dr",
                "BADGE": "No",
                "SWIMMING": "Yes",
                "FISHING": "Yes",
                "SURFING": "NA",
                "PLAYGRD": "No",
                "PARK": "No",
                "PIER": "Yes",
                "BOATLNCH": "Yes",
                "MARINA": "No",
                "FOOD_DRINK": "No",
                "RESTRM": "No",
                "H_C": "No",
                "SHORELINE": "River",
                "ACCESS_TYP": "Visual, Fishing",
                "SOURCE_DATE": 1497240000000,
                "COUNTY_LAB": "Salem County",
                "MUN_LABEL": "Pennsville Township",
                "COMMENTS": " ",
                "REVIEW_TYPE": "Public",
                "GLOBALID": "{D55DE5DC-B081-46CE-B181-9A134A146B8F}"
            },
            "geometry": {
                "type": "Point",
                "coordinates": [
                    -75.542767,
                    39.643697
                ]
            }
        },
        {
            "type": "Feature",
            "id": 16522,
            "properties": {
                "OBJECTID": 16522,
                "PA_ID": "FT02517",
                "ID_SIGN": "Yes",
                "PARKING": "Lot",
                "STREET": "Back Neck Rd",
                "CROSS_ST": null,
                "BADGE": "No",
                "SWIMMING": "No",
                "FISHING": "Yes",
                "SURFING": "NA",
                "PLAYGRD": "No",
                "PARK": "Yes",
                "PIER": "No",
                "BOATLNCH": "Yes",
                "MARINA": "No",
                "FOOD_DRINK": "No",
                "RESTRM": "No",
                "H_C": "No",
                "SHORELINE": "River",
                "ACCESS_TYP": "Fishing, Boat",
                "SOURCE_DATE": 1471984852000,
                "COUNTY_LAB": "Cumberland County",
                "MUN_LABEL": "Fairfield Township",
                "COMMENTS": "Cohansey River Watershed Wetland Restoration Site",
                "REVIEW_TYPE": "Public",
                "GLOBALID": "{1E26AA21-F4B7-4759-ACB7-B6C7D7DE24BF}"
            },
            "geometry": {
                "type": "Point",
                "coordinates": [
                    -75.293268,
                    39.37338
                ]
            }
        },
        {
            "type": "Feature",
            "id": 16548,
            "properties": {
                "OBJECTID": 16548,
                "PA_ID": "PT02615",
                "ID_SIGN": "No",
                "PARKING": "Lot",
                "STREET": "E Pittsfield St",
                "CROSS_ST": "Davis Lane",
                "BADGE": "No",
                "SWIMMING": "No",
                "FISHING": "Yes",
                "SURFING": "NA",
                "PLAYGRD": "No",
                "PARK": "No",
                "PIER": "No",
                "BOATLNCH": "Yes",
                "MARINA": "No",
                "FOOD_DRINK": "No",
                "RESTRM": "No",
                "H_C": "No",
                "SHORELINE": "River",
                "ACCESS_TYP": "Fishing, Boat",
                "SOURCE_DATE": 1472157961000,
                "COUNTY_LAB": "Salem County",
                "MUN_LABEL": "Pennsville Township",
                "COMMENTS": " road is in extremely poor condition, be careful",
                "REVIEW_TYPE": "Public",
                "GLOBALID": "{0499D25D-0449-4242-A436-471BFCC70D1A}"
            },
            "geometry": {
                "type": "Point",
                "coordinates": [
                    -75.480299,
                    39.640326
                ]
            }
        },
        {
            "type": "Feature",
            "id": 16617,
            "properties": {
                "OBJECTID": 16617,
                "PA_ID": "MANT00716",
                "ID_SIGN": "Yes",
                "PARKING": "Lot",
                "STREET": "Hawk Rridge Rd",
                "CROSS_ST": null,
                "BADGE": "No",
                "SWIMMING": "No",
                "FISHING": "Yes",
                "SURFING": "NA",
                "PLAYGRD": "No",
                "PARK": "No",
                "PIER": "No",
                "BOATLNCH": "Yes",
                "MARINA": "No",
                "FOOD_DRINK": "No",
                "RESTRM": "No",
                "H_C": "Yes",
                "SHORELINE": "River",
                "ACCESS_TYP": "Fishing, Boat",
                "SOURCE_DATE": 1470249816000,
                "COUNTY_LAB": "Salem County",
                "MUN_LABEL": "Mannington Township",
                "COMMENTS": "kayak launch, wildlife management area",
                "REVIEW_TYPE": "Public",
                "GLOBALID": "{46AC2CE8-A031-4F7B-BAEF-37FB4B89A472}"
            },
            "geometry": {
                "type": "Point",
                "coordinates": [
                    -75.46616,
                    39.669459
                ]
            }
        },
        {
            "type": "Feature",
            "id": 16765,
            "properties": {
                "OBJECTID": 16765,
                "PA_ID": "MRT00715",
                "ID_SIGN": "No",
                "PARKING": "Lot",
                "STREET": "Lighthouse Ave",
                "CROSS_ST": "E Point St",
                "BADGE": "No",
                "SWIMMING": "No",
                "FISHING": "Yes",
                "SURFING": "No",
                "PLAYGRD": "No",
                "PARK": "No",
                "PIER": "No",
                "BOATLNCH": "Yes",
                "MARINA": "No",
                "FOOD_DRINK": "No",
                "RESTRM": "No",
                "H_C": "No",
                "SHORELINE": "Bay",
                "ACCESS_TYP": "Beach, Fishing",
                "SOURCE_DATE": 1452299908000,
                "COUNTY_LAB": "Cumberland County",
                "MUN_LABEL": "Maurice River Township",
                "COMMENTS": " Nearby historic lighthouse. Dirt parking lot.",
                "REVIEW_TYPE": "Public",
                "GLOBALID": "{C7119053-48B2-489F-AA20-AD1A46F51B41}"
            },
            "geometry": {
                "type": "Point",
                "coordinates": [
                    -75.027942,
                    39.19646
                ]
            }
        },
        {
            "type": "Feature",
            "id": 16766,
            "properties": {
                "OBJECTID": 16766,
                "PA_ID": "MRT00115",
                "ID_SIGN": "No",
                "PARKING": "No",
                "STREET": "N Delsea Dr",
                "CROSS_ST": null,
                "BADGE": "No",
                "SWIMMING": "No",
                "FISHING": "Yes",
                "SURFING": "NA",
                "PLAYGRD": "No",
                "PARK": "No",
                "PIER": "No",
                "BOATLNCH": "Yes",
                "MARINA": "No",
                "FOOD_DRINK": "No",
                "RESTRM": "No",
                "H_C": "No",
                "SHORELINE": "River",
                "ACCESS_TYP": "Fishing, Boat",
                "SOURCE_DATE": 1452765600000,
                "COUNTY_LAB": "Cumberland County",
                "MUN_LABEL": "Maurice River Township",
                "COMMENTS": "Gravel boat ramp. Room for two cars off shoulder of road.",
                "REVIEW_TYPE": "Public",
                "GLOBALID": "{05600495-E498-4C6E-92F8-BC86396451F7}"
            },
            "geometry": {
                "type": "Point",
                "coordinates": [
                    -74.924613,
                    39.217252
                ]
            }
        },
        {
            "type": "Feature",
            "id": 16910,
            "properties": {
                "OBJECTID": 16910,
                "PA_ID": "MRT01015",
                "ID_SIGN": "Yes",
                "PARKING": "Lot",
                "STREET": "Matts Landing Rd",
                "CROSS_ST": null,
                "BADGE": "No",
                "SWIMMING": "No",
                "FISHING": "Yes",
                "SURFING": "NA",
                "PLAYGRD": "No",
                "PARK": "No",
                "PIER": "No",
                "BOATLNCH": "Yes",
                "MARINA": "Yes",
                "FOOD_DRINK": "No",
                "RESTRM": "No",
                "H_C": "No",
                "SHORELINE": "River",
                "ACCESS_TYP": "Fishing, Boat",
                "SOURCE_DATE": 1465503155000,
                "COUNTY_LAB": "Cumberland County",
                "MUN_LABEL": "Maurice River Township",
                "COMMENTS": " ",
                "REVIEW_TYPE": "Public",
                "GLOBALID": "{9E678180-B41B-46B5-A723-D98E6988F10A}"
            },
            "geometry": {
                "type": "Point",
                "coordinates": [
                    -75.010709,
                    39.233505
                ]
            }
        },
        {
            "type": "Feature",
            "id": 16927,
            "properties": {
                "OBJECTID": 16927,
                "PA_ID": "DOT05515",
                "ID_SIGN": "No",
                "PARKING": "No",
                "STREET": "Turkey Point Rd",
                "CROSS_ST": null,
                "BADGE": "No",
                "SWIMMING": "No",
                "FISHING": "Yes",
                "SURFING": "NA",
                "PLAYGRD": "No",
                "PARK": "No",
                "PIER": "No",
                "BOATLNCH": "Yes",
                "MARINA": "No",
                "FOOD_DRINK": "No",
                "RESTRM": "No",
                "H_C": "No",
                "SHORELINE": "River",
                "ACCESS_TYP": "Fishing, Boat",
                "SOURCE_DATE": 1468354457000,
                "COUNTY_LAB": "Cumberland County",
                "MUN_LABEL": "Downe Township",
                "COMMENTS": " gate has no lock and can be opened",
                "REVIEW_TYPE": "Public",
                "GLOBALID": "{A98CE798-184B-4C56-9A9E-11C521230F1C}"
            },
            "geometry": {
                "type": "Point",
                "coordinates": [
                    -75.127019,
                    39.278002
                ]
            }
        },
        {
            "type": "Feature",
            "id": 16932,
            "properties": {
                "OBJECTID": 16932,
                "PA_ID": "DOT06515",
                "ID_SIGN": "Yes",
                "PARKING": "Lot",
                "STREET": "Bayview Rd",
                "CROSS_ST": null,
                "BADGE": "No",
                "SWIMMING": "No",
                "FISHING": "Yes",
                "SURFING": "NA",
                "PLAYGRD": "No",
                "PARK": "No",
                "PIER": "Yes",
                "BOATLNCH": "Yes",
                "MARINA": "Yes",
                "FOOD_DRINK": "Yes",
                "RESTRM": "Yes",
                "H_C": "No",
                "SHORELINE": "Bay",
                "ACCESS_TYP": "Fishing, Boat",
                "SOURCE_DATE": 1469738805000,
                "COUNTY_LAB": "Cumberland County",
                "MUN_LABEL": "Downe Township",
                "COMMENTS": " Community garden, Restaurant ",
                "REVIEW_TYPE": "Public",
                "GLOBALID": "{E27A3BA9-92C3-4EC4-AA06-9318C989E4D4}"
            },
            "geometry": {
                "type": "Point",
                "coordinates": [
                    -75.237071,
                    39.284596
                ]
            }
        },
        {
            "type": "Feature",
            "id": 16933,
            "properties": {
                "OBJECTID": 16933,
                "PA_ID": "MRT02015",
                "ID_SIGN": "No",
                "PARKING": "Lot",
                "STREET": "Mauricetown Byps",
                "CROSS_ST": null,
                "BADGE": "No",
                "SWIMMING": "No",
                "FISHING": "Yes",
                "SURFING": "NA",
                "PLAYGRD": "No",
                "PARK": "No",
                "PIER": "No",
                "BOATLNCH": "Yes",
                "MARINA": "No",
                "FOOD_DRINK": "No",
                "RESTRM": "No",
                "H_C": "No",
                "SHORELINE": "River",
                "ACCESS_TYP": "Fishing, Boat",
                "SOURCE_DATE": 1466622953000,
                "COUNTY_LAB": "Cumberland County",
                "MUN_LABEL": "Maurice River Township",
                "COMMENTS": " ",
                "REVIEW_TYPE": "Public",
                "GLOBALID": "{6720DF0F-956B-4ECD-B30D-724DD1543866}"
            },
            "geometry": {
                "type": "Point",
                "coordinates": [
                    -74.987507,
                    39.287309
                ]
            }
        },
        {
            "type": "Feature",
            "id": 16937,
            "properties": {
                "OBJECTID": 16937,
                "PA_ID": "DOT07015",
                "ID_SIGN": "No",
                "PARKING": "Lot",
                "STREET": "Landing Rd",
                "CROSS_ST": null,
                "BADGE": "No",
                "SWIMMING": "No",
                "FISHING": "Yes",
                "SURFING": "NA",
                "PLAYGRD": "No",
                "PARK": "No",
                "PIER": "No",
                "BOATLNCH": "No",
                "MARINA": "Yes",
                "FOOD_DRINK": "Yes",
                "RESTRM": "No",
                "H_C": "No",
                "SHORELINE": "River",
                "ACCESS_TYP": "Visual",
                "SOURCE_DATE": 1468356094000,
                "COUNTY_LAB": "Cumberland County",
                "MUN_LABEL": "Downe Township",
                "COMMENTS": " ",
                "REVIEW_TYPE": "Public",
                "GLOBALID": "{42B7B499-F580-4C8C-99E8-7EF84D39F796}"
            },
            "geometry": {
                "type": "Point",
                "coordinates": [
                    -75.19737,
                    39.291463
                ]
            }
        },
        {
            "type": "Feature",
            "id": 16949,
            "properties": {
                "OBJECTID": 16949,
                "PA_ID": "FT01115",
                "ID_SIGN": "No",
                "PARKING": "Lot",
                "STREET": "Husted Landing Rd",
                "CROSS_ST": null,
                "BADGE": "No",
                "SWIMMING": "No",
                "FISHING": "Yes",
                "SURFING": "NA",
                "PLAYGRD": "No",
                "PARK": "No",
                "PIER": "No",
                "BOATLNCH": "Yes",
                "MARINA": "Yes",
                "FOOD_DRINK": "No",
                "RESTRM": "Yes",
                "H_C": "No",
                "SHORELINE": "River",
                "ACCESS_TYP": "Fishing, Boat",
                "SOURCE_DATE": 1471988734000,
                "COUNTY_LAB": "Cumberland County",
                "MUN_LABEL": "Fairfield Township",
                "COMMENTS": " Husted Landing ",
                "REVIEW_TYPE": "Public",
                "GLOBALID": "{7BB1BA3D-0A35-4B99-8E9D-7E12E9BA8C49}"
            },
            "geometry": {
                "type": "Point",
                "coordinates": [
                    -75.257972,
                    39.350586
                ]
            }
        },
        {
            "type": "Feature",
            "id": 16952,
            "properties": {
                "OBJECTID": 16952,
                "PA_ID": "GTC00415",
                "ID_SIGN": "Yes",
                "PARKING": "Lot",
                "STREET": "Hancock Harbor Rd",
                "CROSS_ST": "Tyndall Island Rd",
                "BADGE": "No",
                "SWIMMING": "No",
                "FISHING": "Yes",
                "SURFING": "NA",
                "PLAYGRD": "No",
                "PARK": "Yes",
                "PIER": "No",
                "BOATLNCH": "No",
                "MARINA": "Yes",
                "FOOD_DRINK": "Yes",
                "RESTRM": "No",
                "H_C": "Yes",
                "SHORELINE": "River",
                "ACCESS_TYP": "Visual",
                "SOURCE_DATE": 1470340660000,
                "COUNTY_LAB": "Cumberland County",
                "MUN_LABEL": "Greenwich Township",
                "COMMENTS": " Hancock Harbor",
                "REVIEW_TYPE": "Public",
                "GLOBALID": "{DF7F7794-C45A-4E75-A413-24BD18CEF8D2}"
            },
            "geometry": {
                "type": "Point",
                "coordinates": [
                    -75.356155,
                    39.378253
                ]
            }
        },
        {
            "type": "Feature",
            "id": 16980,
            "properties": {
                "OBJECTID": 16980,
                "PA_ID": "SCT00115",
                "ID_SIGN": "No",
                "PARKING": "No",
                "STREET": "Ye Greater St",
                "CROSS_ST": null,
                "BADGE": "No",
                "SWIMMING": "No",
                "FISHING": "Yes",
                "SURFING": "NA",
                "PLAYGRD": "No",
                "PARK": "No",
                "PIER": "No",
                "BOATLNCH": "Yes",
                "MARINA": "No",
                "FOOD_DRINK": "No",
                "RESTRM": "No",
                "H_C": "No",
                "SHORELINE": "River",
                "ACCESS_TYP": "Fishing, Boat",
                "SOURCE_DATE": 1470345799000,
                "COUNTY_LAB": "Cumberland County",
                "MUN_LABEL": "Stow Creek Township",
                "COMMENTS": " kayak launch ",
                "REVIEW_TYPE": "Public",
                "GLOBALID": "{7DF29E8E-6EAD-4C29-B078-50CCCA5A902F}"
            },
            "geometry": {
                "type": "Point",
                "coordinates": [
                    -75.358536,
                    39.425341
                ]
            }
        },
        {
            "type": "Feature",
            "id": 16981,
            "properties": {
                "OBJECTID": 16981,
                "PA_ID": "BRIC01315",
                "ID_SIGN": "Yes",
                "PARKING": "Lot",
                "STREET": "W Broad St",
                "CROSS_ST": "S Laurel St",
                "BADGE": "No",
                "SWIMMING": "No",
                "FISHING": "Yes",
                "SURFING": "NA",
                "PLAYGRD": "No",
                "PARK": "No",
                "PIER": "No",
                "BOATLNCH": "Yes",
                "MARINA": "No",
                "FOOD_DRINK": "No",
                "RESTRM": "No",
                "H_C": "Yes",
                "SHORELINE": "River",
                "ACCESS_TYP": "Fishing, Boat",
                "SOURCE_DATE": 1472232601000,
                "COUNTY_LAB": "Cumberland County",
                "MUN_LABEL": "Bridgeton City",
                "COMMENTS": "Walkway along the river",
                "REVIEW_TYPE": "Public",
                "GLOBALID": "{85661F08-1E2D-422A-BC47-B5770F000250}"
            },
            "geometry": {
                "type": "Point",
                "coordinates": [
                    -75.239784,
                    39.42786
                ]
            }
        },
        {
            "type": "Feature",
            "id": 16990,
            "properties": {
                "OBJECTID": 16990,
                "PA_ID": "SCT00415",
                "ID_SIGN": "Yes",
                "PARKING": "Lot",
                "STREET": "Stow Creek Rd",
                "CROSS_ST": "Causeway Rd",
                "BADGE": "No",
                "SWIMMING": "No",
                "FISHING": "Yes",
                "SURFING": "NA",
                "PLAYGRD": "No",
                "PARK": "No",
                "PIER": "No",
                "BOATLNCH": "Yes",
                "MARINA": "No",
                "FOOD_DRINK": "No",
                "RESTRM": "No",
                "H_C": "No",
                "SHORELINE": "River",
                "ACCESS_TYP": "Fishing, Boat",
                "SOURCE_DATE": 1477418321000,
                "COUNTY_LAB": "Cumberland County",
                "MUN_LABEL": "Stow Creek Township",
                "COMMENTS": " ",
                "REVIEW_TYPE": "Public",
                "GLOBALID": "{5D528463-64EC-45DB-BECD-C5AC8C1369BA}"
            },
            "geometry": {
                "type": "Point",
                "coordinates": [
                    -75.408857,
                    39.443889
                ]
            }
        },
        {
            "type": "Feature",
            "id": 16996,
            "properties": {
                "OBJECTID": 16996,
                "PA_ID": "UDT01115",
                "ID_SIGN": "Yes",
                "PARKING": "Lot",
                "STREET": "Friesburg Deerfield Rd",
                "CROSS_ST": null,
                "BADGE": "No",
                "SWIMMING": "No",
                "FISHING": "Yes",
                "SURFING": "NA",
                "PLAYGRD": "No",
                "PARK": "Yes",
                "PIER": "No",
                "BOATLNCH": "Yes",
                "MARINA": "No",
                "FOOD_DRINK": "No",
                "RESTRM": "Yes",
                "H_C": "No",
                "SHORELINE": "River",
                "ACCESS_TYP": "Fishing, Boat",
                "SOURCE_DATE": 1471027504000,
                "COUNTY_LAB": "Cumberland County",
                "MUN_LABEL": "Upper Deerfield Township",
                "COMMENTS": " Bostwick Lake",
                "REVIEW_TYPE": "Public",
                "GLOBALID": "{8A4D4510-4960-4DF2-936F-449185EBA974}"
            },
            "geometry": {
                "type": "Point",
                "coordinates": [
                    -75.267098,
                    39.528169
                ]
            }
        },
        {
            "type": "Feature",
            "id": 17425,
            "properties": {
                "OBJECTID": 17425,
                "PA_ID": "SIC02315",
                "ID_SIGN": "No",
                "PARKING": "No",
                "STREET": "86th St",
                "CROSS_ST": "Landis Ave",
                "BADGE": "No",
                "SWIMMING": "No",
                "FISHING": "Yes",
                "SURFING": "NA",
                "PLAYGRD": "No",
                "PARK": "No",
                "PIER": "Yes",
                "BOATLNCH": "No",
                "MARINA": "Yes",
                "FOOD_DRINK": "Yes",
                "RESTRM": "No",
                "H_C": "Yes",
                "SHORELINE": "River/Inlet",
                "ACCESS_TYP": "Visual, Fishing",
                "SOURCE_DATE": 1448359200000,
                "COUNTY_LAB": "Cape May County",
                "MUN_LABEL": "Sea Isle City",
                "COMMENTS": "Boat rental available- no launch for private boats",
                "REVIEW_TYPE": "Public",
                "GLOBALID": "{348D3186-1D48-4E02-A7E6-13475246D3A9}"
            },
            "geometry": {
                "type": "Point",
                "coordinates": [
                    -74.713626,
                    39.126518
                ]
            }
        },
        {
            "type": "Feature",
            "id": 17433,
            "properties": {
                "OBJECTID": 17433,
                "PA_ID": "SIC13615",
                "ID_SIGN": "Yes",
                "PARKING": "Street",
                "STREET": "22nd St",
                "CROSS_ST": "Landis Ave",
                "BADGE": "Yes",
                "SWIMMING": "No",
                "FISHING": "Yes",
                "SURFING": "No",
                "PLAYGRD": "No",
                "PARK": "No",
                "PIER": "No",
                "BOATLNCH": "Yes",
                "MARINA": "No",
                "FOOD_DRINK": "No",
                "RESTRM": "No",
                "H_C": "Yes",
                "SHORELINE": "Ocean",
                "ACCESS_TYP": "Beach, Fishing, Boat",
                "SOURCE_DATE": 1448445600000,
                "COUNTY_LAB": "Cape May County",
                "MUN_LABEL": "Sea Isle City",
                "COMMENTS": "Sailboat and Catamaran launch, fishing allowed adjacent to jetties only, sand ramp; beach wheelchair required available through City",
                "REVIEW_TYPE": "Public",
                "GLOBALID": "{BB35320D-448F-44BC-A36A-CACF73A3AC21}"
            },
            "geometry": {
                "type": "Point",
                "coordinates": [
                    -74.681363,
                    39.168125
                ]
            }
        },
        {
            "type": "Feature",
            "id": 17434,
            "properties": {
                "OBJECTID": 17434,
                "PA_ID": "SIC13715",
                "ID_SIGN": "Yes",
                "PARKING": "Street",
                "STREET": "Landis Ave",
                "CROSS_ST": "21st St",
                "BADGE": "Yes",
                "SWIMMING": "No",
                "FISHING": "Yes",
                "SURFING": "No",
                "PLAYGRD": "No",
                "PARK": "No",
                "PIER": "No",
                "BOATLNCH": "Yes",
                "MARINA": "No",
                "FOOD_DRINK": "No",
                "RESTRM": "No",
                "H_C": "Yes",
                "SHORELINE": "Ocean",
                "ACCESS_TYP": "Beach, Fishing, Boat",
                "SOURCE_DATE": 1448445600000,
                "COUNTY_LAB": "Cape May County",
                "MUN_LABEL": "Sea Isle City",
                "COMMENTS": "Sailboat and Catamaran launch, fishing allowed adjacent to jetties only, sand ramp; beach wheelchair required available through City",
                "REVIEW_TYPE": "Public",
                "GLOBALID": "{0E738ABC-AA3F-42B7-9075-999A7A3F7FE6}"
            },
            "geometry": {
                "type": "Point",
                "coordinates": [
                    -74.680519,
                    39.169597
                ]
            }
        },
        {
            "type": "Feature",
            "id": 17435,
            "properties": {
                "OBJECTID": 17435,
                "PA_ID": "SIC13915",
                "ID_SIGN": "Yes",
                "PARKING": "Street",
                "STREET": "Landis Ave",
                "CROSS_ST": "20th St",
                "BADGE": "Yes",
                "SWIMMING": "No",
                "FISHING": "Yes",
                "SURFING": "No",
                "PLAYGRD": "No",
                "PARK": "No",
                "PIER": "No",
                "BOATLNCH": "Yes",
                "MARINA": "No",
                "FOOD_DRINK": "No",
                "RESTRM": "No",
                "H_C": "Yes",
                "SHORELINE": "Ocean",
                "ACCESS_TYP": "Beach, Fishing, Boat",
                "SOURCE_DATE": 1448445600000,
                "COUNTY_LAB": "Cape May County",
                "MUN_LABEL": "Sea Isle City",
                "COMMENTS": "Sailboat and Catamaran launch, fishing allowed adjacent to jetties only, sand ramp; beach wheelchair required available through City",
                "REVIEW_TYPE": "Public",
                "GLOBALID": "{AB2C12CB-0432-441F-8189-3D43A7EA3CE7}"
            },
            "geometry": {
                "type": "Point",
                "coordinates": [
                    -74.680011,
                    39.170239
                ]
            }
        },
        {
            "type": "Feature",
            "id": 17446,
            "properties": {
                "OBJECTID": 17446,
                "PA_ID": "DENT00415",
                "ID_SIGN": "Yes",
                "PARKING": "Lot",
                "STREET": "Jakes Landing Rd",
                "CROSS_ST": " ",
                "BADGE": "No",
                "SWIMMING": "No",
                "FISHING": "Yes",
                "SURFING": "NA",
                "PLAYGRD": "No",
                "PARK": "No",
                "PIER": "No",
                "BOATLNCH": "Yes",
                "MARINA": "No",
                "FOOD_DRINK": "No",
                "RESTRM": "No",
                "H_C": "No",
                "SHORELINE": "River",
                "ACCESS_TYP": "Fishing, Boat",
                "SOURCE_DATE": 1452765600000,
                "COUNTY_LAB": "Cape May County",
                "MUN_LABEL": "Dennis Township",
                "COMMENTS": "Need a ramp maintenance permit or receipt of a current fishing/hunting/trapping license to use the two boat ramps. Osprey nests are in view from gravel parking lot for bird watchers.",
                "REVIEW_TYPE": "Public",
                "GLOBALID": "{6573D9AE-3C14-4E64-BCEB-86F97F5C0755}"
            },
            "geometry": {
                "type": "Point",
                "coordinates": [
                    -74.851528,
                    39.17973
                ]
            }
        },
        {
            "type": "Feature",
            "id": 17462,
            "properties": {
                "OBJECTID": 17462,
                "PA_ID": "DENT00615",
                "ID_SIGN": "No",
                "PARKING": "Lot",
                "STREET": "Stipsons Island Rd",
                "CROSS_ST": " ",
                "BADGE": "No",
                "SWIMMING": "No",
                "FISHING": "Yes",
                "SURFING": "NA",
                "PLAYGRD": "No",
                "PARK": "No",
                "PIER": "No",
                "BOATLNCH": "Yes",
                "MARINA": "No",
                "FOOD_DRINK": "No",
                "RESTRM": "No",
                "H_C": "Yes",
                "SHORELINE": "River",
                "ACCESS_TYP": "Fishing, Boat",
                "SOURCE_DATE": 1452765600000,
                "COUNTY_LAB": "Cape May County",
                "MUN_LABEL": "Dennis Township",
                "COMMENTS": "Nearby trail along river with informational signs. Gravel parking lot would be difficult for wheelchairs to get around.",
                "REVIEW_TYPE": "Public",
                "GLOBALID": "{9B5654B3-2F22-4357-B335-9C726D0F1191}"
            },
            "geometry": {
                "type": "Point",
                "coordinates": [
                    -74.913238,
                    39.188018
                ]
            }
        },
        {
            "type": "Feature",
            "id": 17471,
            "properties": {
                "OBJECTID": 17471,
                "PA_ID": "UP02515",
                "ID_SIGN": "No",
                "PARKING": "Lot",
                "STREET": "Bayview Dr",
                "CROSS_ST": "-",
                "BADGE": "No",
                "SWIMMING": "No",
                "FISHING": "Yes",
                "SURFING": "NA",
                "PLAYGRD": "No",
                "PARK": "No",
                "PIER": "No",
                "BOATLNCH": "Yes",
                "MARINA": "No",
                "FOOD_DRINK": "No",
                "RESTRM": "No",
                "H_C": "No",
                "SHORELINE": "Bay",
                "ACCESS_TYP": "Beach, Fishing",
                "SOURCE_DATE": 1455880179000,
                "COUNTY_LAB": "Cape May County",
                "MUN_LABEL": "Upper Township",
                "COMMENTS": "See municipal website for more details.",
                "REVIEW_TYPE": "Public",
                "GLOBALID": "{9710DB59-9AD9-491B-9BEB-EEBCB27B86FC}"
            },
            "geometry": {
                "type": "Point",
                "coordinates": [
                    -74.663324,
                    39.194402
                ]
            }
        },
        {
            "type": "Feature",
            "id": 17491,
            "properties": {
                "OBJECTID": 17491,
                "PA_ID": "OC00115",
                "ID_SIGN": "Yes",
                "PARKING": "Lot",
                "STREET": "Bay Ave",
                "CROSS_ST": "Ocean Dr",
                "BADGE": "No",
                "SWIMMING": "No",
                "FISHING": "Yes",
                "SURFING": "NA",
                "PLAYGRD": "No",
                "PARK": "No",
                "PIER": "No",
                "BOATLNCH": "Yes",
                "MARINA": "No",
                "FOOD_DRINK": "No",
                "RESTRM": "Yes",
                "H_C": "Yes",
                "SHORELINE": "Bay",
                "ACCESS_TYP": "Beach, Fishing, Boat",
                "SOURCE_DATE": 1457431200000,
                "COUNTY_LAB": "Cape May County",
                "MUN_LABEL": "Ocean City",
                "COMMENTS": "Scenic views, trails, Corson's Inlet State park, informational signs.",
                "REVIEW_TYPE": "Public",
                "GLOBALID": "{0E883D53-329E-41B6-BE8D-DA993DC95616}"
            },
            "geometry": {
                "type": "Point",
                "coordinates": [
                    -74.646675,
                    39.216346
                ]
            }
        },
        {
            "type": "Feature",
            "id": 18230,
            "properties": {
                "OBJECTID": 18230,
                "PA_ID": "SIC10415",
                "ID_SIGN": "No",
                "PARKING": "Lot",
                "STREET": "42nd Pl",
                "CROSS_ST": "Park Rd",
                "BADGE": "No",
                "SWIMMING": "No",
                "FISHING": "Yes",
                "SURFING": "NA",
                "PLAYGRD": "No",
                "PARK": "Yes",
                "PIER": "No",
                "BOATLNCH": "Yes",
                "MARINA": "No",
                "FOOD_DRINK": "No",
                "RESTRM": "Yes",
                "H_C": "Yes",
                "SHORELINE": "Bay/River",
                "ACCESS_TYP": "Visual, Fishing",
                "SOURCE_DATE": 1448359200000,
                "COUNTY_LAB": "Cape May County",
                "MUN_LABEL": "Sea Isle City",
                "COMMENTS": "Information center, pavilion, benches, water walk, telescopes, boat rentals",
                "REVIEW_TYPE": "Public",
                "GLOBALID": "{75B6989C-7C75-4A54-8BCD-C50DD9CB8EFA}"
            },
            "geometry": {
                "type": "Point",
                "coordinates": [
                    -74.69901,
                    39.158879
                ]
            }
        },
        {
            "type": "Feature",
            "id": 18724,
            "properties": {
                "OBJECTID": 18724,
                "PA_ID": "EMT00515",
                "ID_SIGN": "Yes",
                "PARKING": "Street",
                "STREET": "Gibson Creek Rd",
                "CROSS_ST": " ",
                "BADGE": "No",
                "SWIMMING": "No",
                "FISHING": "Yes",
                "SURFING": "NA",
                "PLAYGRD": "No",
                "PARK": "Yes",
                "PIER": "No",
                "BOATLNCH": "Yes",
                "MARINA": "No",
                "FOOD_DRINK": "No",
                "RESTRM": "No",
                "H_C": "No",
                "SHORELINE": "Bay/River",
                "ACCESS_TYP": "Fishing, Boat",
                "SOURCE_DATE": 1461358151000,
                "COUNTY_LAB": "Atlantic County",
                "MUN_LABEL": "Estell Manor Township",
                "COMMENTS": " Tuckahoe Wildlife Management Area",
                "REVIEW_TYPE": "Public",
                "GLOBALID": "{9C8DDD8D-A7EF-4511-8272-B50384C39C7B}"
            },
            "geometry": {
                "type": "Point",
                "coordinates": [
                    -74.726255,
                    39.355837
                ]
            }
        },
        {
            "type": "Feature",
            "id": 19144,
            "properties": {
                "OBJECTID": 19144,
                "PA_ID": "WWB00215",
                "ID_SIGN": "Yes",
                "PARKING": "Lot",
                "STREET": "R Ave",
                "CROSS_ST": "Port Ave",
                "BADGE": "No",
                "SWIMMING": "No",
                "FISHING": "Yes",
                "SURFING": "NA",
                "PLAYGRD": "No",
                "PARK": "No",
                "PIER": "No",
                "BOATLNCH": "Yes",
                "MARINA": "Yes",
                "FOOD_DRINK": "No",
                "RESTRM": "No",
                "H_C": "No",
                "SHORELINE": "Bay",
                "ACCESS_TYP": "Fishing, Boat",
                "SOURCE_DATE": 1456308000000,
                "COUNTY_LAB": "Cape May County",
                "MUN_LABEL": "West Wildwood Borough",
                "COMMENTS": "Bridgeport Marina and bait shop; see municipal website for more details.",
                "REVIEW_TYPE": "Public",
                "GLOBALID": "{C79E0E4C-B7BB-4BBA-9BAA-EE9E936E9DB2}"
            },
            "geometry": {
                "type": "Point",
                "coordinates": [
                    -74.822998,
                    38.996939
                ]
            }
        },
        {
            "type": "Feature",
            "id": 19202,
            "properties": {
                "OBJECTID": 19202,
                "PA_ID": "NWC05415",
                "ID_SIGN": "Yes",
                "PARKING": "Lot",
                "STREET": "W 5th Ave",
                "CROSS_ST": "New York Ave",
                "BADGE": "No",
                "SWIMMING": "No",
                "FISHING": "Yes",
                "SURFING": "NA",
                "PLAYGRD": "No",
                "PARK": "No",
                "PIER": "No",
                "BOATLNCH": "Yes",
                "MARINA": "No",
                "FOOD_DRINK": "No",
                "RESTRM": "No",
                "H_C": "Yes",
                "SHORELINE": "Bay",
                "ACCESS_TYP": "Fishing, Boat",
                "SOURCE_DATE": 1456308000000,
                "COUNTY_LAB": "Cape May County",
                "MUN_LABEL": "North Wildwood City",
                "COMMENTS": "Bay-side access with trash receptacles; see municipal website for more details.",
                "REVIEW_TYPE": "Public",
                "GLOBALID": "{A3310F2D-5DC7-487D-AE44-2ED55689A4B8}"
            },
            "geometry": {
                "type": "Point",
                "coordinates": [
                    -74.79864,
                    39.007261
                ]
            }
        },
        {
            "type": "Feature",
            "id": 19204,
            "properties": {
                "OBJECTID": 19204,
                "PA_ID": "NWC05615",
                "ID_SIGN": "Yes",
                "PARKING": "Lot",
                "STREET": "W 4th Ave",
                "CROSS_ST": "New York Ave",
                "BADGE": "No",
                "SWIMMING": "No",
                "FISHING": "Yes",
                "SURFING": "NA",
                "PLAYGRD": "No",
                "PARK": "No",
                "PIER": "No",
                "BOATLNCH": "Yes",
                "MARINA": "No",
                "FOOD_DRINK": "No",
                "RESTRM": "Yes",
                "H_C": "Yes",
                "SHORELINE": "Bay",
                "ACCESS_TYP": "Fishing, Boat",
                "SOURCE_DATE": 1456357191000,
                "COUNTY_LAB": "Cape May County",
                "MUN_LABEL": "North Wildwood City",
                "COMMENTS": "Bay-side access with gazebo, benches, trash receptacles, fish cleaning station, and kayak racks. See municipal website for more details.",
                "REVIEW_TYPE": "Public",
                "GLOBALID": "{BDA6562F-B496-4F9C-8123-CF4510AEBD46}"
            },
            "geometry": {
                "type": "Point",
                "coordinates": [
                    -74.798067,
                    39.007898
                ]
            }
        },
        {
            "type": "Feature",
            "id": 19238,
            "properties": {
                "OBJECTID": 19238,
                "PA_ID": "MIT00215",
                "ID_SIGN": "No",
                "PARKING": "Street",
                "STREET": "Old North Wildwood Blvd",
                "CROSS_ST": "-",
                "BADGE": "No",
                "SWIMMING": "No",
                "FISHING": "Yes",
                "SURFING": "NA",
                "PLAYGRD": "No",
                "PARK": "No",
                "PIER": "No",
                "BOATLNCH": "Yes",
                "MARINA": "No",
                "FOOD_DRINK": "No",
                "RESTRM": "Yes",
                "H_C": "No",
                "SHORELINE": "Bay",
                "ACCESS_TYP": "Fishing, Boat",
                "SOURCE_DATE": 1456353157000,
                "COUNTY_LAB": "Cape May County",
                "MUN_LABEL": "Middle Township",
                "COMMENTS": "Bulkhead with bay-side access; see municipal website for more details.",
                "REVIEW_TYPE": "Public",
                "GLOBALID": "{F0E59C8A-812D-47C7-A4FD-368EFE249172}"
            },
            "geometry": {
                "type": "Point",
                "coordinates": [
                    -74.810274,
                    39.027936
                ]
            }
        },
        {
            "type": "Feature",
            "id": 19345,
            "properties": {
                "OBJECTID": 19345,
                "PA_ID": "CMC03415",
                "ID_SIGN": "Yes",
                "PARKING": "Street",
                "STREET": "Delaware Ave",
                "CROSS_ST": "Brooklyn Ave",
                "BADGE": "No",
                "SWIMMING": "No",
                "FISHING": "Yes",
                "SURFING": "NA",
                "PLAYGRD": "No",
                "PARK": "No",
                "PIER": "No",
                "BOATLNCH": "Yes",
                "MARINA": "No",
                "FOOD_DRINK": "No",
                "RESTRM": "No",
                "H_C": "Yes",
                "SHORELINE": "Bay",
                "ACCESS_TYP": "Fishing, Boat",
                "SOURCE_DATE": 1456740000000,
                "COUNTY_LAB": "Cape May County",
                "MUN_LABEL": "Cape May Point Borough",
                "COMMENTS": "Improved - Boat ramp to bay, street parking, trash, and recycling.",
                "REVIEW_TYPE": "Public",
                "GLOBALID": "{0E938BEC-FA54-42E7-A741-DBBBD80983CE}"
            },
            "geometry": {
                "type": "Point",
                "coordinates": [
                    -74.900048,
                    38.945213
                ]
            }
        },
        {
            "type": "Feature",
            "id": 19349,
            "properties": {
                "OBJECTID": 19349,
                "PA_ID": "LOT00715",
                "ID_SIGN": "Yes",
                "PARKING": "Lot",
                "STREET": " Wissahickon Ave",
                "CROSS_ST": " 3rd Ave",
                "BADGE": "No",
                "SWIMMING": "No",
                "FISHING": "Yes",
                "SURFING": "No",
                "PLAYGRD": "No",
                "PARK": "No",
                "PIER": "Yes",
                "BOATLNCH": "Yes",
                "MARINA": "No",
                "FOOD_DRINK": "No",
                "RESTRM": "Yes",
                "H_C": "Yes",
                "SHORELINE": "Inlet",
                "ACCESS_TYP": "Fishing, Boat",
                "SOURCE_DATE": 1458841538000,
                "COUNTY_LAB": "Cape May County",
                "MUN_LABEL": "Lower Township",
                "COMMENTS": "Boat Launch owned by State of NJ. Benches, fishing line recycling station,  gravel parking lot. One handicapped spot on pavement.",
                "REVIEW_TYPE": "Public",
                "GLOBALID": "{3E7ED432-4618-4DCF-969D-7ED31A59EC70}"
            },
            "geometry": {
                "type": "Point",
                "coordinates": [
                    -74.909981,
                    38.950972
                ]
            }
        },
        {
            "type": "Feature",
            "id": 19353,
            "properties": {
                "OBJECTID": 19353,
                "PA_ID": "LOT01115",
                "ID_SIGN": "No",
                "PARKING": "Street",
                "STREET": "Ocean Dr",
                "CROSS_ST": " ",
                "BADGE": "No",
                "SWIMMING": "No",
                "FISHING": "Yes",
                "SURFING": "No",
                "PLAYGRD": "No",
                "PARK": "No",
                "PIER": "No",
                "BOATLNCH": "Yes",
                "MARINA": "No",
                "FOOD_DRINK": "No",
                "RESTRM": "No",
                "H_C": "No",
                "SHORELINE": "Inlet",
                "ACCESS_TYP": "Fishing, Boat",
                "SOURCE_DATE": 1458842123000,
                "COUNTY_LAB": "Cape May County",
                "MUN_LABEL": "Lower Township",
                "COMMENTS": "Side of Hwy parking",
                "REVIEW_TYPE": "Public",
                "GLOBALID": "{CF44166F-8931-4740-850D-4A2F77B29DD2}"
            },
            "geometry": {
                "type": "Point",
                "coordinates": [
                    -74.87551,
                    38.956607
                ]
            }
        },
        {
            "type": "Feature",
            "id": 19603,
            "properties": {
                "OBJECTID": 19603,
                "PA_ID": "OC06315",
                "ID_SIGN": "Yes",
                "PARKING": "Street",
                "STREET": "Nautilus Dr",
                "CROSS_ST": "Periwinkle Dr",
                "BADGE": "No",
                "SWIMMING": "No",
                "FISHING": "Yes",
                "SURFING": "NA",
                "PLAYGRD": "No",
                "PARK": "No",
                "PIER": "No",
                "BOATLNCH": "Yes",
                "MARINA": "No",
                "FOOD_DRINK": "No",
                "RESTRM": "No",
                "H_C": "No",
                "SHORELINE": "Bay",
                "ACCESS_TYP": "Visual, Fishing",
                "SOURCE_DATE": 1457431200000,
                "COUNTY_LAB": "Cape May County",
                "MUN_LABEL": "Ocean City",
                "COMMENTS": "Closed boat launch, fishing dock",
                "REVIEW_TYPE": "Public",
                "GLOBALID": "{F6B3983E-26B6-4CE2-BDEB-913684DF5FC0}"
            },
            "geometry": {
                "type": "Point",
                "coordinates": [
                    -74.626944,
                    39.252301
                ]
            }
        },
        {
            "type": "Feature",
            "id": 19636,
            "properties": {
                "OBJECTID": 19636,
                "PA_ID": "OC09515",
                "ID_SIGN": "Yes",
                "PARKING": "Lot",
                "STREET": "Coral Ln",
                "CROSS_ST": "Tennesee Ave",
                "BADGE": "No",
                "SWIMMING": "No",
                "FISHING": "Yes",
                "SURFING": "NA",
                "PLAYGRD": "No",
                "PARK": "Yes",
                "PIER": "Yes",
                "BOATLNCH": "Yes",
                "MARINA": "No",
                "FOOD_DRINK": "No",
                "RESTRM": "No",
                "H_C": "Yes",
                "SHORELINE": "Bay",
                "ACCESS_TYP": "Visual, Fishing",
                "SOURCE_DATE": 1463976000000,
                "COUNTY_LAB": "Cape May County",
                "MUN_LABEL": "Ocean City",
                "COMMENTS": "Fishing area, scenic pier/bulkhead, ample parking",
                "REVIEW_TYPE": "Public",
                "GLOBALID": "{B4AB19B6-C516-4614-A97B-F366BF0FB189}"
            },
            "geometry": {
                "type": "Point",
                "coordinates": [
                    -74.603822,
                    39.270378
                ]
            }
        },
        {
            "type": "Feature",
            "id": 19687,
            "properties": {
                "OBJECTID": 19687,
                "PA_ID": "UP05415",
                "ID_SIGN": "Yes",
                "PARKING": "Lot",
                "STREET": "Harbor Rd",
                "CROSS_ST": " ",
                "BADGE": "No",
                "SWIMMING": "No",
                "FISHING": "Yes",
                "SURFING": "NA",
                "PLAYGRD": "No",
                "PARK": "No",
                "PIER": "Yes",
                "BOATLNCH": "Yes",
                "MARINA": "No",
                "FOOD_DRINK": "No",
                "RESTRM": "No",
                "H_C": "Yes",
                "SHORELINE": "Bay",
                "ACCESS_TYP": "Visual, Fishing",
                "SOURCE_DATE": 1461182675000,
                "COUNTY_LAB": "Cape May County",
                "MUN_LABEL": "Upper Township",
                "COMMENTS": " Fishing  pier & kayak launch",
                "REVIEW_TYPE": "Public",
                "GLOBALID": "{57D0C28F-B1E6-43EA-BA26-4CF68AA2E45F}"
            },
            "geometry": {
                "type": "Point",
                "coordinates": [
                    -74.626079,
                    39.287558
                ]
            }
        },
        {
            "type": "Feature",
            "id": 19703,
            "properties": {
                "OBJECTID": 19703,
                "PA_ID": "UP06115",
                "ID_SIGN": "Yes",
                "PARKING": "Lot",
                "STREET": "Middletown Rd",
                "CROSS_ST": " ",
                "BADGE": "No",
                "SWIMMING": "No",
                "FISHING": "Yes",
                "SURFING": "NA",
                "PLAYGRD": "No",
                "PARK": "No",
                "PIER": "No",
                "BOATLNCH": "Yes",
                "MARINA": "No",
                "FOOD_DRINK": "No",
                "RESTRM": "No",
                "H_C": "No",
                "SHORELINE": "River",
                "ACCESS_TYP": "Fishing, Boat",
                "SOURCE_DATE": 1459372282000,
                "COUNTY_LAB": "Cape May County",
                "MUN_LABEL": "Upper Township",
                "COMMENTS": " Trash can.",
                "REVIEW_TYPE": "Public",
                "GLOBALID": "{DD2FD51C-907F-4AB4-A173-4A607B55E030}"
            },
            "geometry": {
                "type": "Point",
                "coordinates": [
                    -74.740213,
                    39.295332
                ]
            }
        },
        {
            "type": "Feature",
            "id": 19712,
            "properties": {
                "OBJECTID": 19712,
                "PA_ID": "COC00215",
                "ID_SIGN": "Yes",
                "PARKING": "No",
                "STREET": "Main St.",
                "CROSS_ST": " ",
                "BADGE": "No",
                "SWIMMING": "No",
                "FISHING": "Yes",
                "SURFING": "NA",
                "PLAYGRD": "No",
                "PARK": "No",
                "PIER": "No",
                "BOATLNCH": "Yes",
                "MARINA": "No",
                "FOOD_DRINK": "No",
                "RESTRM": "No",
                "H_C": "No",
                "SHORELINE": "River",
                "ACCESS_TYP": "Fishing, Boat",
                "SOURCE_DATE": 1461353857000,
                "COUNTY_LAB": "Atlantic County",
                "MUN_LABEL": "Corbin City",
                "COMMENTS": " Picnic tables, gazebo, bike rack",
                "REVIEW_TYPE": "Public",
                "GLOBALID": "{B03EE20D-F1A8-43D5-8C92-521099C02D3E}"
            },
            "geometry": {
                "type": "Point",
                "coordinates": [
                    -74.753104,
                    39.298875
                ]
            }
        },
        {
            "type": "Feature",
            "id": 19724,
            "properties": {
                "OBJECTID": 19724,
                "PA_ID": "SPC00615",
                "ID_SIGN": "Yes",
                "PARKING": "Lot",
                "STREET": "Broadway",
                "CROSS_ST": " ",
                "BADGE": "No",
                "SWIMMING": "No",
                "FISHING": "Yes",
                "SURFING": "NA",
                "PLAYGRD": "Yes",
                "PARK": "Yes",
                "PIER": "No",
                "BOATLNCH": "Yes",
                "MARINA": "No",
                "FOOD_DRINK": "No",
                "RESTRM": "Yes",
                "H_C": "Yes",
                "SHORELINE": "Bay",
                "ACCESS_TYP": "Fishing, Boat",
                "SOURCE_DATE": 1461181351000,
                "COUNTY_LAB": "Atlantic County",
                "MUN_LABEL": "Somers Point City",
                "COMMENTS": " picnic, grill, fishing pier, pavillion, volleyball, ",
                "REVIEW_TYPE": "Public",
                "GLOBALID": "{D7BA3F1A-8995-4F76-8222-07D173AD253F}"
            },
            "geometry": {
                "type": "Point",
                "coordinates": [
                    -74.606273,
                    39.306624
                ]
            }
        },
        {
            "type": "Feature",
            "id": 19749,
            "properties": {
                "OBJECTID": 19749,
                "PA_ID": "SPC01215",
                "ID_SIGN": "No",
                "PARKING": "Street",
                "STREET": "Decatur Ave",
                "CROSS_ST": " ",
                "BADGE": "No",
                "SWIMMING": "No",
                "FISHING": "No",
                "SURFING": "NA",
                "PLAYGRD": "No",
                "PARK": "No",
                "PIER": "Yes",
                "BOATLNCH": "No",
                "MARINA": "Yes",
                "FOOD_DRINK": "Yes",
                "RESTRM": "Yes",
                "H_C": "No",
                "SHORELINE": "Bay",
                "ACCESS_TYP": "Visual",
                "SOURCE_DATE": 1455146425000,
                "COUNTY_LAB": "Atlantic County",
                "MUN_LABEL": "Somers Point City",
                "COMMENTS": "Bulkhead with fuel dock and yacht sales adjacent to access point.",
                "REVIEW_TYPE": "Public",
                "GLOBALID": "{14833250-890A-450F-A0FF-E11DD3F1999F}"
            },
            "geometry": {
                "type": "Point",
                "coordinates": [
                    -74.59012,
                    39.311837
                ]
            }
        },
        {
            "type": "Feature",
            "id": 19769,
            "properties": {
                "OBJECTID": 19769,
                "PA_ID": "SPC01515",
                "ID_SIGN": "No",
                "PARKING": "No",
                "STREET": "Launch Ave",
                "CROSS_ST": " Maryland Name",
                "BADGE": "No",
                "SWIMMING": "No",
                "FISHING": "Yes",
                "SURFING": "NA",
                "PLAYGRD": "No",
                "PARK": "No",
                "PIER": "No",
                "BOATLNCH": "No",
                "MARINA": "Yes",
                "FOOD_DRINK": "No",
                "RESTRM": "No",
                "H_C": "No",
                "SHORELINE": "Bay",
                "ACCESS_TYP": "Fishing, Boat",
                "SOURCE_DATE": 1455139262000,
                "COUNTY_LAB": "Atlantic County",
                "MUN_LABEL": "Somers Point City",
                "COMMENTS": "Bridge with walkway; marina adjacent to access location. See municipal website for more details.",
                "REVIEW_TYPE": "Public",
                "GLOBALID": "{844B19CF-1C56-43A5-A736-B5CE8456B2EC}"
            },
            "geometry": {
                "type": "Point",
                "coordinates": [
                    -74.585901,
                    39.316845
                ]
            }
        },
        {
            "type": "Feature",
            "id": 19835,
            "properties": {
                "OBJECTID": 19835,
                "PA_ID": "LINC00215",
                "ID_SIGN": "Yes",
                "PARKING": "Lot",
                "STREET": "E Seaview Ave",
                "CROSS_ST": "-",
                "BADGE": "No",
                "SWIMMING": "No",
                "FISHING": "Yes",
                "SURFING": "NA",
                "PLAYGRD": "No",
                "PARK": "No",
                "PIER": "No",
                "BOATLNCH": "Yes",
                "MARINA": "No",
                "FOOD_DRINK": "No",
                "RESTRM": "No",
                "H_C": "No",
                "SHORELINE": "Bay",
                "ACCESS_TYP": "Fishing",
                "SOURCE_DATE": 1458633600000,
                "COUNTY_LAB": "Atlantic County",
                "MUN_LABEL": "Linwood City",
                "COMMENTS": "Boat launch with small dock, benches and trash receptacles. Permit parking only. See municipal website for more details.",
                "REVIEW_TYPE": "Public",
                "GLOBALID": "{26F7F9BF-19F2-4F9E-863F-5F0A46051B7D}"
            },
            "geometry": {
                "type": "Point",
                "coordinates": [
                    -74.568674,
                    39.331542
                ]
            }
        },
        {
            "type": "Feature",
            "id": 20210,
            "properties": {
                "OBJECTID": 20210,
                "PA_ID": "AV00116",
                "ID_SIGN": "Yes",
                "PARKING": "Lot",
                "STREET": "Ocean Drive",
                "CROSS_ST": "54th St.",
                "BADGE": "Yes",
                "SWIMMING": "No",
                "FISHING": "Yes",
                "SURFING": "NA",
                "PLAYGRD": "No",
                "PARK": "No",
                "PIER": "Yes",
                "BOATLNCH": "Yes",
                "MARINA": "Yes",
                "FOOD_DRINK": "No",
                "RESTRM": "Yes",
                "H_C": "No",
                "SHORELINE": "Bay",
                "ACCESS_TYP": "Fishing, Boat",
                "SOURCE_DATE": 1481691600000,
                "COUNTY_LAB": "Cape May County",
                "MUN_LABEL": "Avalon Borough",
                "COMMENTS": "Bay Park Marina and boat ramp (fee); Parking spaces reserved for boat ramp and marina patrons\r\n",
                "REVIEW_TYPE": "Public",
                "GLOBALID": "{5FD8690A-BD59-46BB-9C3E-D3EECEDB55CE}"
            },
            "geometry": {
                "type": "Point",
                "coordinates": [
                    -74.738062,
                    39.081566
                ]
            }
        },
        {
            "type": "Feature",
            "id": 20211,
            "properties": {
                "OBJECTID": 20211,
                "PA_ID": "AV00216",
                "ID_SIGN": "No",
                "PARKING": "Lot",
                "STREET": "Ocean Dr.",
                "CROSS_ST": "53rd St.",
                "BADGE": "No",
                "SWIMMING": "No",
                "FISHING": "Yes",
                "SURFING": "NA",
                "PLAYGRD": "No",
                "PARK": "No",
                "PIER": "Yes",
                "BOATLNCH": "Yes",
                "MARINA": "Yes",
                "FOOD_DRINK": "No",
                "RESTRM": "No",
                "H_C": "No",
                "SHORELINE": "Bay",
                "ACCESS_TYP": "Visual, Fishing",
                "SOURCE_DATE": 1481691600000,
                "COUNTY_LAB": "Cape May County",
                "MUN_LABEL": "Avalon Borough",
                "COMMENTS": "Fishing pier adjacent to the Bay Park Marina and boat ramp",
                "REVIEW_TYPE": "Public",
                "GLOBALID": "{C38AA4AC-A2E2-4977-8454-45E267C185C2}"
            },
            "geometry": {
                "type": "Point",
                "coordinates": [
                    -74.738027,
                    39.082448
                ]
            }
        },
        {
            "type": "Feature",
            "id": 20215,
            "properties": {
                "OBJECTID": 20215,
                "PA_ID": "SPC00116",
                "ID_SIGN": "Yes",
                "PARKING": "Lot",
                "STREET": "Launch Ave",
                "CROSS_ST": "Miller Ave",
                "BADGE": "No",
                "SWIMMING": "No",
                "FISHING": "Yes",
                "SURFING": "NA",
                "PLAYGRD": "No",
                "PARK": "No",
                "PIER": "Yes",
                "BOATLNCH": "Yes",
                "MARINA": "Yes",
                "FOOD_DRINK": "No",
                "RESTRM": "No",
                "H_C": "Yes",
                "SHORELINE": "Bay",
                "ACCESS_TYP": "Fishing, Boat",
                "SOURCE_DATE": 1482123600000,
                "COUNTY_LAB": "Atlantic County",
                "MUN_LABEL": "Somers Point City",
                "COMMENTS": "Waterfront walkway and fishing pier",
                "REVIEW_TYPE": "Public",
                "GLOBALID": "{C36A49E1-E9E2-4553-B468-28A362E62F74}"
            },
            "geometry": {
                "type": "Point",
                "coordinates": [
                    -74.586955,
                    39.315717
                ]
            }
        },
        {
            "type": "Feature",
            "id": 20225,
            "properties": {
                "OBJECTID": 20225,
                "PA_ID": "SHB07317",
                "ID_SIGN": "Yes",
                "PARKING": "Lot",
                "STREET": "81st St.",
                "CROSS_ST": "3rd Ave",
                "BADGE": "No",
                "SWIMMING": "No",
                "FISHING": "Yes",
                "SURFING": "NA",
                "PLAYGRD": "No",
                "PARK": "Yes",
                "PIER": "No",
                "BOATLNCH": "Yes",
                "MARINA": "Yes",
                "FOOD_DRINK": "No",
                "RESTRM": "No",
                "H_C": "Yes",
                "SHORELINE": "Bay",
                "ACCESS_TYP": "Fishing, Boat",
                "SOURCE_DATE": 1487048400000,
                "COUNTY_LAB": "Cape May County",
                "MUN_LABEL": "Stone Harbor Borough",
                "COMMENTS": "Smuggler's Cove Marina; Benches along the waterfront",
                "REVIEW_TYPE": "Public",
                "GLOBALID": "{255D6444-4617-4FB3-871E-D2B92E0CC3D0}"
            },
            "geometry": {
                "type": "Point",
                "coordinates": [
                    -74.754204,
                    39.064993
                ]
            }
        },
        {
            "type": "Feature",
            "id": 18699,
            "properties": {
                "OBJECTID": 18699,
                "PA_ID": "VC07415",
                "ID_SIGN": "No",
                "PARKING": "Lot",
                "STREET": "Burk Ave",
                "CROSS_ST": "Dorset Ave",
                "BADGE": "No",
                "SWIMMING": "No",
                "FISHING": "Yes",
                "SURFING": "NA",
                "PLAYGRD": "No",
                "PARK": "No",
                "PIER": "No",
                "BOATLNCH": "Yes",
                "MARINA": "No",
                "FOOD_DRINK": "No",
                "RESTRM": "No",
                "H_C": "Yes",
                "SHORELINE": "Bay",
                "ACCESS_TYP": "Fishing, Boat",
                "SOURCE_DATE": 1440576000000,
                "COUNTY_LAB": "Atlantic County",
                "MUN_LABEL": "Ventnor City",
                "COMMENTS": "12 hr. parking, trash receptacles, boardwalk. For more information visit: http://www.ventnorcity.org/",
                "REVIEW_TYPE": "Public",
                "GLOBALID": "{AECD61A7-CC5F-46D0-AB50-D4F876F80D3E}"
            },
            "geometry": {
                "type": "Point",
                "coordinates": [
                    -74.486854,
                    39.35235
                ]
            }
        },
        {
            "type": "Feature",
            "id": 18720,
            "properties": {
                "OBJECTID": 18720,
                "PA_ID": "AC02715",
                "ID_SIGN": "Yes",
                "PARKING": "Lot",
                "STREET": "South Boulevard Ave",
                "CROSS_ST": "N Albany Ave",
                "BADGE": "No",
                "SWIMMING": "No",
                "FISHING": "Yes",
                "SURFING": "NA",
                "PLAYGRD": "No",
                "PARK": "No",
                "PIER": "No",
                "BOATLNCH": "Yes",
                "MARINA": "No",
                "FOOD_DRINK": "No",
                "RESTRM": "No",
                "H_C": "No",
                "SHORELINE": "Bay",
                "ACCESS_TYP": "Fishing, Boat",
                "SOURCE_DATE": 1454407200000,
                "COUNTY_LAB": "Atlantic County",
                "MUN_LABEL": "Atlantic City",
                "COMMENTS": "Atlantic City Municipal Ramp: Concrete ramp WITH adequate water at low tide. Trash receptacles, and docking.",
                "REVIEW_TYPE": "Public",
                "GLOBALID": "{9BD1B7DC-8264-435E-B059-9A5DF567FC4C}"
            },
            "geometry": {
                "type": "Point",
                "coordinates": [
                    -74.456186,
                    39.355542
                ]
            }
        },
        {
            "type": "Feature",
            "id": 19843,
            "properties": {
                "OBJECTID": 19843,
                "PA_ID": "MAC04615",
                "ID_SIGN": "No",
                "PARKING": "Lot",
                "STREET": "CR-562",
                "CROSS_ST": "Lagoon Dr",
                "BADGE": "No",
                "SWIMMING": "Yes",
                "FISHING": "Yes",
                "SURFING": "NA",
                "PLAYGRD": "No",
                "PARK": "No",
                "PIER": "Yes",
                "BOATLNCH": "No",
                "MARINA": "Yes",
                "FOOD_DRINK": "Yes",
                "RESTRM": "Yes",
                "H_C": "Yes",
                "SHORELINE": "Bay",
                "ACCESS_TYP": "Fishing, Boat",
                "SOURCE_DATE": 1455144972000,
                "COUNTY_LAB": "Atlantic County",
                "MUN_LABEL": "Margate City",
                "COMMENTS": " ",
                "REVIEW_TYPE": "Public",
                "GLOBALID": "{2C527CD2-CC61-44F3-A3AB-25090F1868E9}"
            },
            "geometry": {
                "type": "Point",
                "coordinates": [
                    -74.511125,
                    39.335402
                ]
            }
        }
    ],
    "_export_meta": {
        "export_type": "on-screen",
        "geometry_type": "esriGeometryPoint",
        "zoom": 12,
        "bbox": "-74.266891, 40.281097, -73.853874, 40.499442",
        "where": "BOATLNCH='Yes' OR\nMARINA = 'Yes'",
        "rendered_count": 184,
        "total_in_view": 15,
        "display_tolerance_m_approx": "exact",
        "drawn_at_iso": "2025-09-30T13:18:09.069Z",
        "service_url": "https://mapsdep.nj.gov/arcgis/rest/services/Features/Environmental_admin/MapServer/7",
        "layer_id": 7,
        "crs": 3857
    }
}